year,temperature,precipitation,band,species,Beak length,Beak depth,date
1975,27.483570765056164,864.9803586,2,fortis,9.4,8,1975-10
1975,24.308678494144075,1186.8549797042497,9,fortis,9.2,8.3,1975-06
1975,28.23844269050346,679.7138711852217,12,fortis,9.5,7.5,1975-05
1975,32.61514928204013,957.2861545,15,fortis,9.5,8,1975-06
1975,23.82923312638332,1036.0886895135698,305,fortis,11.5,9.9,1975-10
1975,23.82931522,1154.3316502176249,307,fortis,11.1,8.6,1975-05
1975,32.896064077536955,1213.484463426667,308,fortis,9.9,8.4,1975-03
1975,28.837173645764544,662.6073724486392,309,fortis,11.5,9.8,1975-09
1975,22.65262807032524,539.7657487793133,311,fortis,10.8,9.2,1975-10
1975,27.712800217929825,1383.3030465695526,312,fortis,11.3,9,1975-02
1975,22.682911535937688,1099.6942035938775,313,fortis,11.5,9.5,1975-03
1975,22.67135123214872,775.454039,314,fortis,11.5,8.9,1975-02
1975,26.20981135783017,1465.345592656757,315,fortis,9.7,8.8,1975-05
1975,15.43359877671101,1034.7023902878575,316,fortis,10.9,9.7,1975-06
1975,16.375410837434835,1353.789155219148,316,fortis,10.9,9.85,1975-09
1975,22.18856235379513,1020.2555444230328,320,fortis,10.1,8.9,1975-08
1975,19.93584439832788,1618.2243774645965,321,fortis,10.6,8.5,1975-08
1975,26.571236662976368,1526.6022527329617,323,fortis,9.6,8.2,1975-05
1975,20.459879622393945,925.3107555,324,fortis,10.3,9.3,1975-11
1975,17.938481493323543,1291.4712852863067,326,fortis,10.5,9.1,1975-06
1975,32.32824384460777,1193.6127848755443,328,fortis,10.5,8.8,1975-12
1975,23.871118497567323,1410.5894672597046,329,fortis,10.9,9.4,1975-08
1975,25.33764102343962,710.5229618259687,330,fortis,11.2,9.6,1975-02
1975,17.87625906893272,1205.8154379995317,340,fortis,9.4,8.5,1975-09
1975,22.278086377374088,1317.5273460548765,341,fortis,10.1,8.1,1975-04
1975,25.55461294854933,472.3781540730657,342,fortis,9.6,8,1975-09
1975,19.245032112888488,645.0224462002675,343,fortis,10.5,9.7,1975-01
1975,26.87849009172836,388.2303466719698,344,fortis,9.9,8.2,1975-03
1975,21.99680655040597,919.1779496666328,345,fortis,9.9,8.4,1975-11
1975,23.541531251033614,1215.2626767387887,346,fortis,9.6,7.9,1975-03
1975,21.991466938853016,1450.7071156288084,347,fortis,10.7,9.3,1975-11
1975,34.26139092254469,1022.2284341259326,348,fortis,11.8,10.5,1975-04
1975,24.93251387631033,1488.5846636713875,349,fortis,10.2,9.7,1975-08
1975,19.711445355220494,585.9695625355325,350,fortis,10.9,9.6,1975-09
1975,29.112724560515943,488.9852681934536,352,fortis,9.3,7.7,1975-07
1975,18.895781750144888,983.3356903310143,354,fortis,11.6,9.8,1975-04
1975,26.044317975023777,1115.2196346817925,355,fortis,11.2,9.8,1975-03
1975,15.201649380601122,990.1915756,356,fortis,10.1,8.5,1975-01
1975,18.359069755507846,379.76737,360,fortis,10.7,9.2,1975-04
1975,25.984306179345616,973.2639881461636,366,fortis,11,10.1,1975-08
1975,28.692332899977053,608.6591498485441,368,fortis,10.8,9,1975-12
1975,25.85684140594985,1200.9017646490115,369,fortis,10.2,9,1975-11
1975,24.42175859,1109.9794738290543,401,fortis,10.8,9.4,1975-10
1975,23.494481522053555,718.0360641017935,402,fortis,10.4,8.8,1975-10
1975,17.607390048162863,845.8399247989919,403,fortis,11.2,9.9,1975-08
1975,21.400778958026457,682.2359434333146,405,fortis,11.4,9.9,1975-04
1975,22.696806145201062,981.1962708180484,410,fortis,10.9,8.9,1975-11
1975,30.285611131094576,1286.5426961503715,411,fortis,10.4,9.4,1975-09
1975,26.71809144784231,704.2821860993369,413,fortis,9.7,8.2,1975-07
1975,16.18479922318633,1151.2139546553533,414,fortis,10.2,8.2,1975-02
1975,26.620419846973974,840.9227144882677,415,fortis,9.2,8.1,1975-06
1975,23.074588597918417,762.1381503212967,416,fortis,10.1,8.4,1975-06
1975,21.615389998470206,967.8908920136328,417,fortis,11,10.1,1975-11
1975,28.05838144420434,689.4273032741878,418,fortis,10.3,8.6,1975-07
1975,30.154997612479757,833.9052083958454,419,fortis,10.2,8.5,1975-05
1975,29.656400595580998,640.6366322233455,420,fortis,11,9.7,1975-12
1975,20.803912383886807,1589.4175398749169,422,fortis,11,10.3,1975-02
1975,23.453938120743928,1010.5790655915184,423,fortis,10.1,8.6,1975-06
1975,26.65631715701782,790.0823476022243,424,fortis,10.7,9.3,1975-01
1975,29.87772564,1064.1939732202666,425,fortis,10.7,8.9,1975-09
1975,22.60412881077355,966.3015850927512,426,fortis,11,9.7,1975-12
1975,24.071705116680917,933.7091201400332,427,fortis,12,10.2,1975-04
1975,19.46832512996986,1184.2500100130276,428,fortis,11.6,10.2,1975-11
1975,19.018966879596647,1227.2523130141917,450,fortis,9.9,8.5,1975-04
1975,29.062629111970992,840.8496557168418,451,fortis,10.8,8.8,1975-11
1975,31.781200142854114,827.2545278,452,fortis,10.5,8.9,1975-10
1975,24.63994939209833,917.4844908545068,453,fortis,10,8.7,1975-10
1975,30.01766448946012,309.42365057932454,454,fortis,9.6,9.3,1975-01
1975,26.80818012523817,545.4426813404343,455,fortis,11,9.7,1975-12
1975,21.77440122697438,1410.0622802333571,456,fortis,10.2,9.6,1975-09
1975,26.80697802754207,1493.4903140503852,457,fortis,9.7,7.85,1975-04
1975,32.690182832329846,925.2891881330866,458,fortis,11.1,9.6,1975-10
1975,24.820869804450243,1172.9670889167298,459,fortis,10.4,9.3,1975-04
1975,32.82321827907003,1093.3750463630608,461,fortis,11.1,9.8,1975-11
1975,11.901274479551278,1923.6642425365712,462,fortis,10.2,8.8,1975-02
1975,29.10951252187612,1335.872473430373,463,fortis,10.3,9.1,1975-09
1975,25.435235341190857,961.6247226,465,fortis,9.9,9,1975-07
1975,23.504963247670663,713.3378678198723,466,fortis,11,10.4,1975-02
1975,25.45880388267751,518.0661039227282,468,fortis,10.8,9,1975-03
1975,15.062155426995536,1061.039090760167,473,fortis,10.5,9.5,1975-01
1975,23.90164056081244,773.0947764,474,fortis,10.5,8.7,1975-06
1975,26.78556285755873,573.3238871206977,475,fortis,11.2,9.6,1975-04
1975,32.38947022370758,806.0281347,476,fortis,11.2,9.4,1975-08
1975,22.40864890863176,675.5355989156815,477,fortis,11.7,9.5,1975-04
1975,20.95753198553406,1506.1424905217696,479,fortis,10.5,8.6,1975-04
1975,22.49121478207732,1264.4919270848352,501,fortis,10.5,9.9,1975-09
1975,29.57701058851037,997.6082076050149,502,fortis,11.2,9.4,1975-01
1975,26.643755548298422,1443.983241667008,503,fortis,10,9.1,1975-11
1975,22.351198981164806,1023.2104922942856,504,fortis,10.4,8.6,1975-11
1975,27.56633716556678,741.6147396015209,505,fortis,10.8,9.3,1975-09
1975,25.48538775,1456.9372231808973,506,fortis,11.1,9.2,1975-08
1975,29.84322495266445,1161.6730131053976,507,fortis,10.3,8.8,1975-11
1975,21.48973453061324,688.8261537,509,fortis,11.1,9.2,1975-03
1975,23.36168926701116,942.8983965749176,510,fortis,9.8,8.3,1975-01
1975,23.03945923433921,737.3145239845728,511,fortis,10.5,8.8,1975-03
1975,17.682425259339407,585.1600807106992,512,fortis,11,9.4,1975-10
1975,26.48060138532288,1277.8532642594923,513,fortis,11.2,10.4,1975-01
1975,26.305276360899448,1572.8249921410393,514,fortis,9.8,8.5,1975-08
1975,25.025567283212304,580.4297278542576,515,fortis,9.8,7.9,1975-12
1975,23.827064333124262,1168.8907710071712,516,fortis,9.8,7.9,1975-11
1975,17.92314628974793,804.8072293,517,fortis,10.3,10.1,1975-07
1975,22.896773386173205,853.8623848705912,518,fortis,11.3,9.8,1975-01
1975,23.286427417366152,822.2818227283392,519,fortis,10,8.3,1975-10
1975,20.988613653891903,740.8027690960553,520,fortis,11.1,9.4,1975-08
1975,24.193571441669956,1014.556488383448,521,fortis,10,9,1975-02
1975,27.02025428407269,750.7149650766887,522,fortis,10.3,8.4,1975-02
1975,34.43092950605265,1081.1370477339517,524,fortis,10.2,8.7,1975-11
1975,25.87288906,984.9285671652588,526,fortis,10.4,9.2,1975-09
1975,26.28775195361382,928.3155859400772,527,fortis,11,9.5,1975-10
1975,24.627770421169163,727.7309013875206,528,fortis,11.5,10.1,1975-11
1975,15.406143923504793,826.9686008295002,529,fortis,11.8,9.8,1975-07
1975,24.867430622753915,1226.6173677477268,560,fortis,10.2,8.5,1975-07
1975,25.301151049705133,1150.2751562873143,561,fortis,11.7,10.2,1975-06
1975,37.316210562426434,706.7334265604347,563,fortis,10.1,8.6,1975-04
1975,24.038195176094387,1029.7996916287675,564,fortis,10.2,9.3,1975-06
1975,26.507736711668063,1225.4161370115366,565,fortis,9.8,8.7,1975-10
1975,24.826441151473784,499.17841566358845,566,fortis,10.6,8.9,1975-08
1975,19.15660981190234,1163.0080577139806,567,fortis,10,8.4,1975-11
1975,30.714114072575104,801.2128723,572,fortis,12.1,10.3,1975-06
1975,28.759665163433876,1171.179600577948,574,fortis,11.1,9.9,1975-08
1975,28.955159735215236,771.0222530372449,576,fortis,10.5,8.9,1975-08
1975,20.453062726026303,458.5353698006443,578,fortis,10,9.1,1975-08
1975,32.013971554680495,511.7372686350512,579,fortis,10.2,8.6,1975-09
1975,17.990744686038596,1014.4254839984146,601,fortis,9.7,7.8,1975-03
1975,27.934285469001352,1077.9167505164446,602,fortis,10,8.6,1975-07
1975,35.952278129049894,728.7050124686774,603,fortis,10.7,9.5,1975-02
1975,20.04731837434656,1191.577737633212,604,fortis,11,9.5,1975-05
1975,22.16851135198614,501.5439813,605,fortis,10.9,10.2,1975-06
1975,25.498256825438204,980.1760604058052,606,fortis,10.5,9.1,1975-08
1975,22.482621729419005,636.6951401,607,fortis,10.9,9.7,1975-12
1975,17.246682844669337,804.4491676593523,608,fortis,10.7,9.4,1975-08
1975,25.342814874030136,1014.2196013949242,609,fortis,11.9,10.5,1975-09
1975,19.688481431369475,741.8759904148143,610,fortis,10.2,9,1975-07
1975,27.36796215317591,884.6333367310524,611,fortis,10.5,9.8,1975-08
1975,20.402878828830985,1301.8878427643322,615,fortis,11.2,10,1975-01
1975,32.74967203,826.9324391430554,616,fortis,10.7,9.6,1975-04
1975,21.08373353831881,1250.7076336195423,617,fortis,10.3,9.6,1975-05
1975,23.38969241897162,661.0879436027146,618,fortis,11.6,9.9,1975-06
1975,29.067586086848348,1158.941253374585,619,fortis,10.5,9.3,1975-01
1975,18.845678417830225,1432.470586,620,fortis,10.9,9.6,1975-02
1975,26.13729967302065,258.5066499618132,621,fortis,9.8,7.6,1975-04
1975,31.53571377141214,760.9314233588569,622,fortis,10.9,9.2,1975-12
1975,16.96258382719386,1173.121638154162,623,fortis,10.3,8.8,1975-05
1975,25.92316929266152,939.0863841871022,624,fortis,11.7,10.1,1975-06
1975,26.29941397124212,1111.3437620113928,625,fortis,11,8.9,1975-03
1975,28.90911435888655,818.8044439852538,626,fortis,9.8,9.5,1975-08
1975,18.81524644560959,1025.976936,627,fortis,10.4,8.2,1975-04
1975,18.397716934578614,953.2968294,628,fortis,10.8,9.7,1975-03
1975,27.60970782808449,1350.3346184979423,629,fortis,11,9.8,1975-07
1975,26.48492336616593,1076.326252990364,670,fortis,10.6,9.3,1975-01
1975,26.252464251729386,1101.2807986225607,671,fortis,11.3,9.8,1975-01
1975,26.73224104748488,876.4369101632598,672,fortis,10.1,8.8,1975-03
1975,21.599876392107547,853.7181328,673,fortis,11.4,10.1,1975-01
1975,26.161268485805017,870.2325436541137,674,fortis,11.8,10.5,1975-02
1975,26.465362366493405,1118.335642713489,675,fortis,9.9,8.6,1975-05
1975,21.42824290986816,873.7046557539211,676,fortis,11,9.7,1975-10
1975,34.328872555723784,1086.932457068924,677,fortis,10.8,10,1975-07
1975,27.36916460455894,1622.6202395936316,678,fortis,11.3,9.7,1975-07
1975,19.04348251398676,1261.3374110295076,679,fortis,11.1,10.5,1975-04
1975,28.28276804316915,902.1929403496476,680,fortis,11,10.4,1975-12
1975,20.126591648863396,1360.3641766491835,681,fortis,10.4,9.2,1975-05
1975,28.93542301871226,877.5773880935346,682,fortis,9.1,8.1,1975-02
1975,30.79297789503702,388.5626394466439,683,fortis,10.8,9.4,1975-08
1975,20.89658840824145,697.5741067247789,684,fortis,10.6,8.9,1975-02
1975,29.81688064622161,438.76242369224326,685,fortis,8.7,8.2,1975-05
1975,27.06390463468249,894.5459547876073,686,fortis,10.7,9.3,1975-07
1975,29.11030079997245,1005.5255137568656,687,fortis,10.3,8.6,1975-11
1975,34.48396491326974,1502.9311936825848,688,fortis,10.5,9,1975-06
1975,23.77305941998565,1098.0782121292489,689,fortis,9.1,7.6,1975-09
1975,21.23131917821255,934.2698413573409,701,fortis,9.5,8.7,1975-12
1975,20.552427851872384,1248.8216743550468,702,fortis,10.8,9.8,1975-02
1975,20.920948575172808,336.6594072976345,703,fortis,10.6,9.4,1975-04
1975,24.61449145292948,1070.6843674325698,704,fortis,9.9,9.9,1975-05
1975,26.70575987408322,1231.259558,705,fortis,11.5,10.1,1975-06
1975,26.383453996650097,556.4241262660476,706,fortis,11.2,9.8,1975-05
1975,29.13591624518012,1343.1262129620786,707,fortis,9.7,7.9,1975-11
1975,25.065009459389536,1101.5489222483243,708,fortis,12.2,10.8,1975-09
1975,32.26767038578659,875.4136258297597,709,fortis,9.2,7.9,1975-08
1975,23.67671583381022,1189.8345598318854,710,fortis,10.5,10,1975-04
1975,38.600845832948096,1681.207857341319,711,fortis,10.5,8.4,1975-10
1975,28.12833673882503,1054.5598765175484,712,fortis,10.8,9.5,1975-12
1975,20.714212217918583,1074.4661758901009,713,fortis,10.7,8.8,1975-10
1975,19.64553750969444,862.1917301379267,714,fortis,11.8,10.4,1975-01
1975,27.412362076215928,745.0466891605624,715,fortis,9.1,8.1,1975-08
1975,23.882686073370746,1249.1007449632737,716,fortis,10.1,9.8,1975-01
1975,28.57000247046046,743.1748522273399,717,fortis,10,8.2,1975-04
1975,27.36618812286773,1021.4698711658176,719,fortis,11,9.5,1975-01
1975,24.63585543671564,856.702766,720,fortis,12.2,10.5,1975-08
1975,20.766031409657977,1143.6939477239175,721,fortis,11.4,9.7,1975-09
1975,17.425763876570677,1100.0986315860846,723,fortis,10.9,9.6,1975-02
1975,22.76742523966489,1311.2619832773698,725,fortis,10.6,9.6,1975-05
1975,29.28199397161736,846.9950803435759,726,fortis,9.3,7.9,1975-06
1975,26.07046872065102,919.0375194119886,780,fortis,10.9,10.1,1975-05
1975,18.771306106440058,706.3708852653078,781,fortis,10.6,9.3,1975-02
1975,25.86590462925591,866.7120219771665,785,fortis,11,10.3,1975-06
1975,26.926586898644185,1113.1901479134556,786,fortis,9,7.9,1975-10
1975,20.580712818994336,1227.0965849936056,787,fortis,11,9.1,1975-01
1975,25.76862552972764,723.3504027467123,788,fortis,10.4,8.9,1975-01
1975,25.29104359,1260.881776031698,789,fortis,10.4,8.3,1975-05
1975,19.285148510846884,1406.6913576414854,790,fortis,9.6,9.4,1975-12
1975,26.788936801741414,1124.0304709671102,801,fortis,10.6,9.5,1975-09
1975,27.80392263184117,1563.038744,802,fortis,10.1,8.5,1975-09
1975,30.415256215876383,767.8632403,803,fortis,9.7,8.6,1975-05
1975,30.269010260174515,626.6035890065749,804,fortis,9.6,8.5,1975-08
1975,18.111653160214544,466.3839253287164,805,fortis,10.1,8.2,1975-01
1975,20.310874800424383,1448.8132934467549,807,fortis,9.9,7.9,1975-08
1975,27.57517634,1196.3096969062174,808,fortis,11,10,1975-11
1975,27.568929754561044,983.3245987268634,809,fortis,10.9,9.4,1975-08
1975,27.57523843153024,1083.9905878959462,810,fortis,9.7,8,1975-11
1975,44.26365745327361,662.3532858,811,fortis,10,8.6,1975-09
1975,27.854452553465837,1733.725593885048,812,fortis,10.4,9,1975-02
1975,30.677828200902997,1038.7663545925682,813,fortis,11.6,9.9,1975-11
1975,29.77000881746601,1032.8184383814678,814,fortis,9.6,8,1975-01
1975,28.25695625652899,1217.7299871696075,815,fortis,10.8,9.6,1975-07
1975,23.42365377679827,1144.302769521014,817,fortis,10.9,9.2,1975-02
1975,28.794846102466337,1067.1652072837394,818,fortis,10.2,9,1975-01
1975,21.13587392731214,762.8576633664064,818,fortis,10.2,9,1975-06
1975,23.81590696629996,1141.440507140799,819,fortis,10.4,9.2,1975-04
1975,22.573182260854484,1564.6073489425105,820,fortis,11,9.5,1975-06
1975,25.409370696931614,1403.6260138464934,821,fortis,10.7,9.2,1975-07
1975,36.573292833367546,1477.955987991819,822,fortis,11.1,9.7,1975-01
1975,15.66367403704126,846.6352970706445,823,fortis,10.8,9.1,1975-02
1975,28.43130095187257,703.1185539224257,824,fortis,10.9,9.4,1975-07
1975,16.936420644051744,962.2639239701056,825,fortis,9.9,8.6,1975-05
1975,22.640340671052837,1016.7174736866084,826,fortis,11.8,9.8,1975-09
1975,30.444752984836832,1328.2574555412846,827,fortis,9.7,8,1975-08
1975,25.32140009547732,492.2606110855542,828,fortis,11.9,10.4,1975-11
1975,19.61127611035347,1458.865095838184,829,fortis,9.6,8.1,1975-09
1975,21.42348145370016,952.5976304263032,830,fortis,10.9,9.9,1975-06
1975,28.39798874467338,871.935679,831,fortis,10.2,8.6,1975-09
1975,21.34816684141432,696.3686874219497,891,fortis,9.9,8,1975-04
1975,26.082292947909878,503.5429984402692,892,fortis,11.3,9,1975-04
1975,25.22785919951907,1246.9511751885743,893,fortis,10.9,9.7,1975-10
1975,21.741998261970917,1021.9953901565212,894,fortis,9.8,8.1,1975-06
1975,35.719720446626624,613.0117300776839,895,fortis,10.3,8.8,1975-10
1975,28.169595111590056,611.4763683809151,896,fortis,8.8,7.5,1975-10
1975,14.874287066711965,899.2645902129616,897,fortis,11.6,10.2,1975-11
1975,25.93227157384714,1500.7064575868178,898,fortis,9.9,8.2,1975-11
1975,21.69106767615806,922.1225945909184,899,fortis,9.9,8.6,1975-06
1975,29.26216667398112,549.0571140645682,900,fortis,9.9,8.7,1975-04
1975,21.03739630783649,926.2770807742168,902,fortis,10.4,8.6,1975-07
1975,24.426317792665504,918.1829290756988,903,fortis,11.2,9.9,1975-05
1975,27.524936394902287,190.9340071175285,904,fortis,10.8,9.5,1975-08
1975,29.328775970850607,983.7115400446564,905,fortis,9.9,8.4,1975-09
1975,18.99851796472112,930.7196409373968,906,fortis,9.9,8.7,1975-09
1975,23.327493820795254,1208.8619094440255,907,fortis,10.2,8.2,1975-05
1975,22.62527344419522,1554.6868284836037,908,fortis,10.4,9.2,1975-03
1975,21.73335383713144,1337.9695088643273,909,fortis,9.4,8.2,1975-06
1975,33.82727120140548,919.3333928335508,910,fortis,10.2,9.2,1975-02
1975,27.024908554804774,668.0422273774989,911,fortis,11,9.3,1975-11
1975,18.69558022832477,1772.0079409749585,912,fortis,10.6,8.9,1975-05
1975,29.58930973527388,1017.7655302043464,913,fortis,10.5,9,1975-02
1975,35.610780985063165,1004.1787875738838,914,fortis,10.4,9.1,1975-01
1975,30.162326302755734,992.7624739,915,fortis,10.2,8.8,1975-08
1975,17.403150170229935,1059.4254282303564,917,fortis,10.2,8.8,1975-08
1975,22.578829635668743,956.6918764228172,919,fortis,11,9.6,1975-05
1975,31.334555745933116,827.9013979359291,921,fortis,11.1,10.2,1975-01
1975,21.46165267190609,835.9423176278824,922,fortis,9.7,8.2,1975-05
1975,27.219097140731144,990.1740189352004,923,fortis,10.5,8.9,1975-04
1975,28.873170267146683,836.9725686598705,924,fortis,10.9,9,1975-09
1975,20.365347642109583,786.1462651968507,925,fortis,10.7,8.8,1975-08
1975,24.70237322,1031.929068307569,926,fortis,11,9.9,1975-05
1975,8.793663299654636,923.5068347737434,927,fortis,10.9,9.3,1975-03
1975,19.878061793328552,1451.1978965748067,928,fortis,11.2,9.9,1975-12
1975,23.73715924,204.70905748209643,929,fortis,11.5,9.5,1975-06
1975,18.761084090175757,1327.4520555767383,930,fortis,10.8,10,1975-09
1975,33.16205651965818,1373.8255577492887,931,fortis,10.2,8.9,1975-02
1975,17.849293110196836,377.9829302775552,932,fortis,11,9.8,1975-06
1975,22.799777566515083,897.1937217758954,933,fortis,10.9,9.9,1975-01
1975,25.65370288643045,888.5677402012626,934,fortis,10.5,8.7,1975-07
1975,32.20636644533058,577.7464915846537,936,fortis,10.8,9.2,1975-12
1975,17.82068924,766.6549937227373,941,fortis,9.8,8.2,1975-05
1975,30.81581876,666.8272463602514,942,fortis,9.7,7.9,1975-01
1975,25.051165305097932,1525.6811330270868,943,fortis,10.3,9.1,1975-01
1975,20.092456744760245,1280.7035179442382,944,fortis,10.3,8.3,1975-05
1975,27.310517371316354,1381.4665284982475,944,fortis,10.3,8.3,1975-02
1975,25.99529847786735,1216.5016192129706,945,fortis,11.6,10.8,1975-01
1975,21.998915614206027,661.2844686348312,945,fortis,11.6,10.8,1975-10
1975,25.34901042495009,842.6439201160679,951,fortis,10.9,9.9,1975-06
1975,23.07343202,1146.8123683683757,952,fortis,10.6,9,1975-04
1975,25.56758672625624,633.3616573324164,954,fortis,11.5,9.3,1975-11
1975,28.310653372605238,1213.8995290517164,991,fortis,10.8,9.6,1975-02
1975,32.93008408072676,927.9023805525596,1040,fortis,10.83,9.3,1975-12
1975,18.810922505865754,887.5537577351207,1368,fortis,11.73,10.2,1975-04
1975,35.665166873281336,1213.2879904610477,1420,fortis,10.23,8.6,1975-11
1975,15.239561002387491,1133.278993445812,1433,fortis,11.83,10.98,1975-08
1975,24.24107452482208,891.7101502542761,1560,fortis,11.43,10.28,1975-10
1975,27.941586032422883,1347.7989410092744,1581,fortis,10.73,9.6,1975-12
1975,26.40495933867516,675.6810017200307,1770,fortis,10.33,9.28,1975-04
1975,21.88650240089703,1184.780682083279,1857,fortis,10.23,9.5,1975-12
1975,23.959388748213623,1177.930377390515,1860,fortis,11.53,9.4,1975-05
1975,22.53499532670584,907.1360682058028,1884,fortis,11.03,9.15,1975-05
1975,22.053176215278945,1097.8399066726354,2102,fortis,11.73,9.8,1975-05
1975,29.248010485105123,624.6659270844091,2105,fortis,10.53,9.35,1975-07
1975,26.78507742982524,1277.2081057620703,2220,fortis,9.93,8.5,1975-02
1975,21.535452023696728,944.5293590671032,2381,fortis,11.23,10.5,1975-07
1975,29.49799937716625,843.1830938442881,2482,fortis,9.83,8.5,1975-07
1975,26.536497604383047,1314.7027677510669,2939,fortis,9.63,8.31,1975-10
1975,29.06431059,788.6968928371722,2955,fortis,10.6,9.9,1975-10
1975,28.14814420961806,577.4616110909321,2974,fortis,11.88,10.36,1975-06
1975,20.85502494538964,533.0112479,3642,fortis,11.03,10.28,1975-04
1975,22.199094799015157,1181.8029854036918,8016,fortis,10.73,8.9,1975-04
1975,28.736468025616308,615.8711942511151,8020,fortis,10.13,8.7,1975-03
1975,28.051851327167324,1526.4382545953094,20139,fortis,10.15,9.15,1975-01
1975,24.89549203017926,375.4211776348834,20165,fortis,10.85,10.35,1975-05
1975,25.58663691654391,1508.9369104870116,20166,fortis,10.95,8.85,1975-04
1975,31.388324478942124,1063.3052401607856,20168,fortis,9.85,8.55,1975-12
1975,22.04214305582085,970.9860664388824,20204,fortis,10.25,8.95,1975-07
1975,27.735486905850188,836.524274,20238,fortis,11.75,10.75,1975-05
1975,23.98903673783053,1119.740834305621,20267,fortis,10.95,10.05,1975-07
1975,23.91159398,988.7095892725456,20273,fortis,10.95,10.15,1975-02
1975,30.49388425993595,1330.9905646049565,20283,fortis,10.55,8.45,1975-06
1975,29.12708174494015,1034.268294598612,20285,fortis,9.65,8.85,1975-08
1975,29.067548180003197,1045.0905284385633,20286,fortis,11.45,10.25,1975-06
1975,31.527394035771646,890.9163363358432,20293,fortis,10.25,9.75,1975-05
1975,25.10501921,982.9163128836798,20298,fortis,10.05,8.95,1975-12
1975,28.40976485647482,1092.3405306676177,302,scandens,13.9,8.4,1975-11
1975,23.44866621703272,486.9494822030123,304,scandens,14,8.8,1975-08
1975,26.62083176244221,595.5443733682861,306,scandens,12.9,8.4,1975-07
1975,24.349284728161575,1222.9792282068145,310,scandens,13.5,8,1975-08
1975,25.48497982496359,1051.2596314383825,317,scandens,12.9,7.9,1975-03
1975,27.97578512718457,944.8049990941964,318,scandens,14.6,8.9,1975-05
1975,20.90889658383264,1005.530179919618,319,scandens,13,8.6,1975-01
1975,35.46193638,1104.2745116085014,322,scandens,14.2,8.5,1975-06
1975,19.96991309250149,838.0720959071915,325,scandens,14,8.9,1975-07
1975,18.92905693606134,766.5085823793062,327,scandens,14.2,9.1,1975-03
1975,30.790554367500334,1058.7535765293044,351,scandens,13.1,8.6,1975-12
1975,28.95831346981468,706.4881667154904,353,scandens,15.1,9.8,1975-11
1975,28.12059908526077,1122.4758267143416,357,scandens,13.5,8.2,1975-09
1975,28.14172755,489.2249187286479,358,scandens,14.4,9,1975-07
1975,24.938766135765427,1308.746691197693,359,scandens,14.9,9.7,1975-11
1975,20.51372814257084,1141.7792447239128,361,scandens,12.9,8.6,1975-02
1975,25.37902279096863,1076.8089202941628,362,scandens,13,8.2,1975-10
1975,21.61419144243944,1294.807295183654,363,scandens,14.9,9,1975-02
1975,29.87559866708876,1499.642333338773,364,scandens,14,8.4,1975-10
1975,24.264713092489306,1304.3110195054392,365,scandens,13.8,8.6,1975-04
1975,20.87251401603744,447.7377306005064,367,scandens,13,8.9,1975-11
1975,23.393070791735035,616.1269099792896,404,scandens,14.75,9.1,1975-12
1975,27.06465727137812,812.5544266912964,406,scandens,13.7,8.3,1975-02
1975,22.18137723598013,1007.827315,407,scandens,13.8,8.7,1975-06
1975,20.888898022167844,1155.2977061407369,408,scandens,14,9.6,1975-12
1975,26.218436057459563,782.2768560539603,409,scandens,14.6,8.5,1975-06
1975,26.22483285554361,1056.0300293431235,412,scandens,15.2,9.1,1975-11
1975,22.46528412314435,773.3851202940032,421,scandens,13.5,9,1975-08
1975,22.644808471908387,816.5446591024155,429,scandens,15.1,9.2,1975-05
1975,26.16024968678818,578.0016709455333,460,scandens,15,9.9,1975-04
1975,17.75957829251338,723.0300261667287,464,scandens,12.8,8.6,1975-03
1975,17.962681128117225,594.4946183150998,467,scandens,14.9,9.2,1975-10
1975,21.40777889373782,707.2380241068001,469,scandens,15.3,8.4,1975-05
1975,23.932764241440765,1316.092538982352,470,scandens,13.4,8.9,1975-07
1975,26.554537827990025,715.1803333504171,471,scandens,14.2,8.5,1975-06
1975,32.37678108474776,1789.7146194512172,472,scandens,15.1,10.4,1975-07
1975,29.288298116010097,1147.9953702642667,478,scandens,15.1,9.6,1975-11
1975,24.200307350182864,1055.450837108462,508,scandens,14,9.1,1975-12
1975,24.904918960486555,742.4926659,523,scandens,13.6,9.3,1975-05
1975,19.98735317681096,1210.0929638226974,525,scandens,14,9.3,1975-10
1975,24.90743432003805,827.3086521286679,562,scandens,14,8.8,1975-10
1975,23.55670680539931,1036.6029443936084,568,scandens,13.9,8.3,1975-07
1975,26.613592801690448,1768.0253614806384,569,scandens,14,8.8,1975-12
1975,20.863845282238387,971.1820301,570,scandens,14.9,9.1,1975-03
1975,27.596732571205862,1344.7819978857028,571,scandens,15.6,10.1,1975-02
1975,32.66369456501289,789.0470724622338,573,scandens,13.8,8.9,1975-11
1975,24.456199257715717,989.5034528509116,575,scandens,14.4,9.2,1975-06
1975,27.008558610494703,1531.240190690653,577,scandens,12.8,8.5,1975-11
1975,28.450719958555563,811.9098826636698,612,scandens,14.2,10.2,1975-11
1975,22.993897640570815,1543.7345673990783,613,scandens,13.4,10.1,1975-01
1975,26.120462409052084,1212.3255806366426,614,scandens,14,9.2,1975-11
1975,25.06296200390897,831.2599672317197,718,scandens,14.8,9.7,1975-06
1975,25.48838049274416,1189.7223217166563,722,scandens,14.2,9.1,1975-07
1975,21.13495108072267,1291.766334888019,724,scandens,13.5,8.5,1975-08
1975,25.122550871294717,1186.5429886651589,727,scandens,13.4,8.2,1975-12
1975,27.489991456227248,528.9325840328631,728,scandens,14.6,9,1975-01
1975,32.25571803897521,781.8588472525394,729,scandens,13.5,9.3,1975-06
1975,29.796354130426035,925.7444093345484,782,scandens,13.7,8,1975-09
1975,35.76591228755778,977.6699713,783,scandens,13.9,9.1,1975-09
1975,21.163262185559752,1186.201629265203,784,scandens,13.1,8.1,1975-09
1975,29.361603183603396,1053.3103002799762,806,scandens,13.4,8.3,1975-02
1975,25.91671002869176,599.3966923869696,816,scandens,13.8,8.7,1975-04
1975,35.94901466608836,1114.0593553017889,890,scandens,13.6,8.8,1975-05
1975,20.958508573224243,1183.175723585147,901,scandens,14,8.6,1975-10
1975,20.80139078909612,1167.9371343793118,916,scandens,13.5,8.7,1975-04
1975,22.00303677277989,1324.2342176663865,918,scandens,12.8,8,1975-03
1975,14.380521378450965,1250.1766463646711,920,scandens,14,8.8,1975-12
1975,22.37122489,1137.754023768531,935,scandens,13.4,9,1975-01
1975,21.20433669223151,978.9502865624058,953,scandens,14.9,9.1,1975-12
1975,25.75196893238104,501.71171994520256,1014,scandens,15.54,9.74,1975-09
1975,26.70877988,1128.8854657397758,1642,scandens,14.63,9.1,1975-10
1975,34.38085419607943,1062.3063061489331,1748,scandens,14.73,9.8,1975-04
1975,29.75211919093025,1081.473651158612,1841,scandens,15.73,10.4,1975-01
1975,22.115481721687985,616.9754272539071,1842,scandens,14.83,8.3,1975-09
1975,20.50792664325821,675.6830378775213,2084,scandens,15.94,9.44,1975-10
1975,27.459595857532527,1315.9458559998711,2397,scandens,15.14,9.04,1975-09
1975,18.398833964896788,988.1334538430036,8110,scandens,14.23,9,1975-02
1975,34.157293829271765,1204.4502092117873,20122,scandens,14.15,9.05,1975-10
1975,30.89720060360644,1008.4955128391384,20151,scandens,14.35,9.65,1975-10
1975,22.65412173947648,1008.9268418487236,20188,scandens,14.95,9.45,1975-08
1975,16.434327354545612,1281.4851417927994,20210,scandens,13.95,8.65,1975-10
1975,31.769361870827066,845.1865815347878,20223,scandens,14.05,9.45,1975-11
1975,24.42730077373691,1028.836233082295,20225,scandens,14.55,9.45,1975-08
1975,31.189081559867308,861.3174133884872,20252,scandens,14.05,9.05,1975-02
1975,17.027861706028165,869.6511317703053,20255,scandens,14.45,8.75,1975-06
1975,22.00312488523113,907.2483629594082,20266,scandens,15.05,9.45,1975-01
1975,25.026218498590914,1066.6401314901138,20279,scandens,13.25,8.35,1975-05
2012,34.278780627867604,1301.818705777809,19022,fortis,10,8.5,2012-01
2012,23.52696348890248,1113.0800463783298,19028,fortis,12.5,8.9,2012-05
2012,27.065641779193204,838.8157003741683,19032,fortis,9.3,7.5,2012-02
2012,25.801344708629124,1181.5096131945031,19041,fortis,10.3,9.6,2012-10
2012,35.23488942176866,95.43721381097735,19044,fortis,11,9.2,2012-12
2012,28.982773882557872,1294.629710111631,19048,fortis,10.1,8.2,2012-01
2012,33.159222697343175,428.0858663665701,19072,fortis,9.6,7.8,2012-12
2012,20.57219813481514,841.2677175790603,19082,fortis,10.9,8.6,2012-07
2012,29.335251329346296,614.0990316121569,19104,fortis,10.3,8.4,2012-04
2012,32.44815397811718,561.5955572837283,19114,fortis,9.8,7.7,2012-01
2012,28.41141994637712,1298.248036213556,19121,fortis,10.1,8,2012-07
2012,33.32740187532676,809.6896396064326,19126,fortis,10.4,8.7,2012-10
2012,25.41355774949814,1053.951164519215,19146,fortis,9.6,8.1,2012-09
2012,35.0467372,935.9238263362448,19164,fortis,10.6,8.8,2012-01
2012,39.49449061809625,1093.1122481669363,19174,fortis,10.6,9.4,2012-01
2012,26.185807197801704,973.0465673180768,19203,fortis,11.9,10,2012-05
2012,25.77248739299614,565.1023327434291,19210,fortis,11.3,9.6,2012-04
2012,35.26692239,1248.880045834142,19217,fortis,11.3,9.6,2012-03
2012,35.89786072865356,801.8730250516062,19224,fortis,9.7,8.1,2012-04
2012,25.385699864233658,483.0254304020747,19226,fortis,9.7,7.5,2012-10
2012,25.899065914520712,821.5654517102263,19252,fortis,10.1,8.4,2012-12
2012,26.591076955697464,1400.2279371902932,19263,fortis,10,7.9,2012-05
2012,21.277747444828613,1205.066522634048,19274,fortis,10,8.3,2012-11
2012,23.40674026757901,845.4043596776422,19280,fortis,10,8.9,2012-04
2012,22.97929616623966,845.2226887044714,19288,fortis,11.5,9.1,2012-06
2012,24.16101217447936,853.5094846347852,19328,fortis,9.5,7.7,2012-03
2012,27.826575563066093,1573.0243950682525,19349,fortis,11.2,8.3,2012-08
2012,29.17107366,1064.580635669466,19362,fortis,10.7,8.6,2012-12
2012,35.75250246407038,1079.0124941573208,19372,fortis,10,8.4,2012-08
2012,23.008229796306047,1259.0850362095523,19382,fortis,9.8,7.7,2012-05
2012,32.92161199238292,1021.636747707954,19384,fortis,10.9,9.1,2012-08
2012,26.93005577887245,872.2873562537891,19392,fortis,9.2,7.7,2012-02
2012,27.75268145173784,891.0950452745066,19394,fortis,10.2,9,2012-11
2012,31.37409746083302,928.5196221757808,19422,fortis,11.3,10.2,2012-07
2012,22.386389892188507,938.8333290470476,19439,fortis,10.3,8.1,2012-06
2012,29.91204873092025,1168.2888630910938,19461,fortis,10.7,8.6,2012-08
2012,28.83226104106528,965.5837657421898,19482,fortis,10,8.4,2012-08
2012,30.462256320040744,1169.7920231646738,19502,fortis,9.7,8.1,2012-01
2012,29.44584321953909,925.7850259674252,19511,fortis,9.9,8,2012-09
2012,40.27650069955448,973.5905570948272,19536,fortis,10.7,8.3,2012-03
2012,24.81130007874342,350.53979464036775,19563,fortis,11,10.3,2012-09
2012,25.345015224990917,1224.8983024107445,19568,fortis,9.7,8,2012-10
2012,24.88429736787618,1053.946542769398,19602,fortis,10.5,8.8,2012-10
2012,25.22261440419873,1249.4030329578957,19604,fortis,11.7,9,2012-07
2012,24.81306436346741,81.12338654189318,19614,fortis,10.8,9.3,2012-07
2012,33.94508265553776,1576.5124114342184,19623,fortis,9.1,7.6,2012-02
2012,35.10252123994928,908.1231116,19627,fortis,10.9,8.2,2012-10
2012,25.14626853125262,1282.4548450212549,19642,fortis,12.2,10,2012-04
2012,23.83822213447885,638.0282218623407,19649,fortis,10.9,8.2,2012-06
2012,30.35707778193202,1133.8321715187708,19654,fortis,10.7,8.2,2012-04
2012,25.238884778595143,633.9753310479032,19674,fortis,10.4,8.3,2012-02
2012,31.164659088777555,762.8693117912585,19682,fortis,9.7,7.8,2012-08
2012,29.0146151,1524.209406160036,19712,fortis,10.3,8,2012-01
2012,20.42127942501384,892.7952798,19734,fortis,9.8,8.4,2012-09
2012,35.737526006650306,1015.2298619539168,19746,fortis,10.6,9.3,2012-04
2012,36.97938836547761,1211.0203192066265,19749,fortis,10.5,8.9,2012-01
2012,24.93605654757807,1098.704566391781,19774,fortis,12.5,9.7,2012-07
2012,26.06149220032008,995.1256715430728,19782,fortis,9.2,7.6,2012-01
2012,29.429326953624525,1059.4883007398676,19815,fortis,10.1,9,2012-04
2012,29.672283949935125,1671.0246755714825,19820,fortis,10.6,8.6,2012-09
2012,31.29272136336415,932.7143608899244,19821,fortis,11.5,8.9,2012-01
2012,38.05102269383175,1010.3297140144904,19829,fortis,10.8,8.6,2012-11
2012,27.11526386252975,1265.1963188022837,19832,fortis,10.5,8.8,2012-01
2012,24.00851377730773,1281.6577798873952,19835,fortis,10.1,8.5,2012-03
2012,21.103403859927365,1306.1090916681142,19840,fortis,10.7,9.2,2012-09
2012,24.345349800290403,1141.6190666087557,19849,fortis,9.6,8,2012-04
2012,27.83436513563101,607.0985262,19874,fortis,10.7,9.4,2012-02
2012,36.97278931758894,1440.0294596903288,19878,fortis,10.1,7.7,2012-05
2012,25.411943504819146,606.0963820943937,19889,fortis,10,8.4,2012-04
2012,29.118939758194493,1040.79064,19914,fortis,10,8.5,2012-11
2012,27.91788551963624,723.7172449941926,19921,fortis,10.4,9,2012-04
2012,33.94196636724042,930.7584960221022,19922,fortis,10.4,9,2012-10
2012,40.63466212936811,1048.628723091044,19928,fortis,11.7,9.3,2012-11
2012,25.34565614,1046.407164635082,19932,fortis,10.6,8.7,2012-06
2012,25.55280278740889,1076.5762262705855,19942,fortis,11.5,8.1,2012-11
2012,33.22080438534536,1434.113380717594,19946,fortis,10.7,8.7,2012-05
2012,31.40945744813156,1086.060290454194,19947,fortis,10.4,7.9,2012-12
2012,37.23353662868017,876.7530094128053,19952,fortis,10.1,7.7,2012-02
2012,30.919640926629818,1239.226150486507,19974,fortis,10.8,8.4,2012-09
2012,26.203539546064704,1306.841146677392,19993,fortis,11.5,9.25,2012-06
2012,30.953274153461543,581.7176554589023,19994,fortis,11.1,8.1,2012-05
2012,33.54351790291454,1129.2200209549574,21049,fortis,9.9,8.3,2012-08
2012,32.10241090598682,1160.3518226932697,21052,fortis,10.5,8.5,2012-09
2012,30.53637015553649,860.7309489920024,21080,fortis,12.2,9.9,2012-01
2012,33.33337344794577,1362.7120439934858,21082,fortis,10.9,8.4,2012-03
2012,33.84647795222836,904.9833239,21087,fortis,12.9,9.9,2012-09
2012,34.91079495518763,987.6729360414628,21088,fortis,9.7,7.2,2012-08
2012,31.24354943794821,898.0784527148392,21089,fortis,9.7,8.2,2012-12
2012,27.164409598415727,954.6737142744404,21090,fortis,10,8.2,2012-10
2012,28.733568432166614,621.1174739314395,21129,fortis,10.1,8.3,2012-12
2012,34.03254483254179,517.9847352217116,21160,fortis,10.2,8.4,2012-09
2012,23.91532164506382,1428.3515189674918,21161,fortis,9.6,7.5,2012-04
2012,29.843366544364507,695.9115955045016,21162,fortis,9.9,8.2,2012-02
2012,26.03330594,652.5822951631078,21165,fortis,10.6,8.6,2012-10
2012,28.14372411467409,303.9829659188856,21169,fortis,9.8,8.2,2012-08
2012,34.39225931303649,758.3114756931493,21191,fortis,11.1,8.8,2012-01
2012,28.95549534009952,553.0730619777505,21244,fortis,10,8.5,2012-05
2012,28.232182740780743,1442.604548040911,21247,fortis,10.9,8.1,2012-12
2012,21.20071929510041,1252.945127,21249,fortis,10,8.3,2012-07
2012,31.731267830136105,743.5548964466828,21258,fortis,10.6,8.5,2012-06
2012,31.227420905705376,1625.7307416032927,21259,fortis,10.7,8.1,2012-06
2012,38.81627362,1244.5296460974782,21261,fortis,9.4,7.3,2012-03
2012,26.461108825234994,852.5505849474133,21262,fortis,10.1,8,2012-05
2012,29.09575163831969,200.1782855379281,21265,fortis,11.8,10.2,2012-05
2012,29.246918418553776,1637.2827717772225,21266,fortis,12.2,11.1,2012-01
2012,35.887266398817374,533.1282599709211,21272,fortis,12.9,9.9,2012-10
2012,27.52352233806524,456.3803759129325,21273,fortis,10.1,8.7,2012-06
2012,29.395107628851697,1256.771129602892,21276,fortis,10.1,8.3,2012-10
2012,31.039482548582697,1681.9257219017818,21277,fortis,9,7.8,2012-11
2012,28.93304561578179,1365.2818455531556,21282,fortis,11.7,9.9,2012-03
2012,25.76783192724736,1119.172736015708,21283,fortis,10.9,10.3,2012-08
2012,28.97044996449154,1128.4263024995855,21287,fortis,10.4,8.4,2012-06
2012,33.36815874929886,1206.0246676340923,21293,fortis,12.7,8.7,2012-11
2012,22.8674235,1177.6785769360297,21294,fortis,10.5,9.8,2012-03
2012,28.66484837073438,1034.3574271908128,21296,fortis,9.6,8.7,2012-09
2012,24.499395925304132,981.2603311855628,21298,fortis,10.6,9,2012-08
2012,33.97523314462421,931.2220616301432,21299,fortis,10.4,7.8,2012-04
2012,20.38406547608113,723.8106233399972,21341,fortis,10.5,8.5,2012-02
2012,25.205390763642058,865.7974769399677,21343,fortis,10.1,8.2,2012-08
2012,29.886059375322603,442.1129557413844,21349,fortis,10.6,9.2,2012-09
2012,35.827620146171704,920.498112,22000,fortis,10.6,9,2012-04
2012,27.67124869463506,653.4226678547248,19026,scandens,14.3,9.4,2012-08
2012,25.22400236653401,618.9232048352687,19028,scandens,12.5,8.9,2012-05
2012,37.40578534720295,1003.9682453460435,19029,scandens,13.7,9.5,2012-09
2012,20.75993049791878,1367.6006859033798,19094,scandens,13.8,11,2012-03
2012,17.00597021689959,1225.494981800694,19122,scandens,12,8.7,2012-11
2012,30.20007225026666,478.8498189130469,19125,scandens,13,8.4,2012-04
2012,25.489728878236946,653.1115590288987,19129,scandens,13,9.1,2012-05
2012,22.893835914346436,1232.231356396465,19172,scandens,13.6,8.7,2012-01
2012,31.541782236496765,655.2537819385071,19182,scandens,12.8,10.2,2012-02
2012,29.21900357,882.6100550008927,19212,scandens,13.6,9.6,2012-07
2012,25.17960684631636,1115.0156297073656,19214,scandens,12.95,8.85,2012-04
2012,21.59847800664553,659.4966635409094,19244,scandens,13.1,8.8,2012-10
2012,32.36228664140072,981.6126518,19251,scandens,13.4,9.5,2012-01
2012,31.251005889793305,549.7923515245386,19260,scandens,13.9,9.2,2012-05
2012,27.504120681103085,769.5897068146359,19270,scandens,12.3,9,2012-05
2012,37.23318498023833,1045.934580242761,19278,scandens,14,9.8,2012-01
2012,22.64957616836924,472.1018799404992,19289,scandens,12.5,9.3,2012-02
2012,20.372374145376305,1082.1424213881196,19299,scandens,12.3,9,2012-05
2012,24.540459650593775,944.1086603219956,19312,scandens,13.9,10.2,2012-06
2012,27.77206991822251,1115.7469863251442,19326,scandens,13.1,7.7,2012-05
2012,29.21669724661346,1017.1742402193984,19343,scandens,12.5,9,2012-07
2012,26.79381971071835,1359.2421289921533,19374,scandens,13.9,9.5,2012-08
2012,29.760276982571483,987.5673508,19401,scandens,13.7,9.4,2012-01
2012,21.74230287904778,821.1783376624242,19406,scandens,12,8,2012-06
2012,35.21882302,986.6892509096853,19408,scandens,14.4,8.9,2012-12
2012,27.58924410803716,1112.9894087109165,19426,scandens,13.5,9.4,2012-07
2012,33.58647915794064,964.6580210977112,19430,scandens,13.8,9.5,2012-09
2012,29.71362673188852,962.1775073611648,19433,scandens,13,8,2012-04
2012,30.28376609576892,739.4024936579734,19438,scandens,14.9,10,2012-10
2012,30.84883640116102,751.1297247347155,19452,scandens,12.5,8.95,2012-10
2012,30.238542800086574,529.2184184600919,19466,scandens,12.3,8.2,2012-07
2012,31.21361379933772,1474.873022956082,19469,scandens,12.8,8.8,2012-12
2012,34.64576265066216,576.8410293826145,19486,scandens,13.4,9.2,2012-02
2012,28.98260584850735,742.1284406612278,19492,scandens,13.8,9.4,2012-01
2012,31.54501878794256,734.4778203292408,19493,scandens,13.5,9.5,2012-10
2012,27.551321528563868,1218.4773130833323,19494,scandens,13.5,8.1,2012-10
2012,35.200586077247365,861.5150965123917,19495,scandens,13.4,9.5,2012-02
2012,24.61803848970365,1324.322622,19496,scandens,12.3,8.4,2012-04
2012,37.00470216455408,747.9528127268395,19497,scandens,14.35,9.3,2012-01
2012,27.799210246778284,1033.698248667141,19510,scandens,13.2,9.3,2012-04
2012,20.84612448940976,699.3958840220728,19513,scandens,13.8,9.6,2012-10
2012,28.640522074553942,1593.5447383320163,19518,scandens,14.6,9.2,2012-07
2012,24.594741712625595,593.7204742911462,19526,scandens,14.3,10,2012-05
2012,32.20321774494362,1042.946213068108,19527,scandens,13.8,8.9,2012-05
2012,24.736880103488044,1140.1330642796297,19528,scandens,13.6,10.5,2012-01
2012,25.769082833926102,1074.1397292354495,19543,scandens,12.9,8.9,2012-04
2012,18.552296345272342,894.4137023366875,19553,scandens,13,8.6,2012-08
2012,25.738468403754617,911.0537901,19554,scandens,13.5,8.8,2012-12
2012,15.880603366855215,963.1434415937327,19573,scandens,13.2,9.15,2012-11
2012,20.080485882571384,905.8993995114536,19592,scandens,13.7,9.5,2012-01
2012,31.802073280721487,1239.1637350384729,19594,scandens,13.1,9.1,2012-11
2012,31.92900079325416,1613.1569004774055,19597,scandens,13.2,10.2,2012-10
2012,30.127287808924823,782.7524645,19598,scandens,12.6,8.4,2012-10
2012,23.16511928435393,539.0591061262767,19599,scandens,13,10,2012-06
2012,27.76144322,923.5153854946236,19619,scandens,13.9,10.2,2012-05
2012,27.98198730454716,1723.9128012962956,19622,scandens,13.2,9.3,2012-04
2012,22.208176554037287,708.8976296090807,19652,scandens,15,10.8,2012-01
2012,35.51699150883575,1441.735042,19653,scandens,13.37,8.3,2012-03
2012,32.386811452878355,1453.3102442229322,19664,scandens,11.4,7.8,2012-03
2012,26.89517913085168,783.9235274876016,19692,scandens,13.8,9.8,2012-06
2012,28.13442919497265,1120.6949237555823,19720,scandens,13,7.9,2012-09
2012,29.04191403973776,1438.5189869385613,19740,scandens,13,8.9,2012-06
2012,17.791325657878545,836.2616777037539,19747,scandens,13.1,7.7,2012-01
2012,26.76411308739701,888.9258919692915,19766,scandens,12.8,8.9,2012-12
2012,24.590078760011007,775.4957258154069,19783,scandens,13.3,9.4,2012-12
2012,22.991899950525426,645.5729808,19844,scandens,13.5,9.4,2012-10
2012,26.594498535570224,755.2167364801978,19848,scandens,12.4,8.5,2012-12
2012,36.988432634247616,582.81792,19852,scandens,13.1,8.5,2012-07
2012,31.20421430633505,960.2250404777678,19854,scandens,14,9.6,2012-12
2012,25.14410505108601,719.0080306824075,19855,scandens,13.5,10.2,2012-01
2012,30.862913906780797,1020.1357735372244,19868,scandens,11.8,8.8,2012-05
2012,34.99677718293001,483.2313061389118,19882,scandens,13.7,9.5,2012-03
2012,32.62316841456384,1049.264069664337,19900,scandens,13.2,9.3,2012-03
2012,28.29815184960087,1200.058688482677,19910,scandens,12.2,9,2012-02
2012,24.76531611147213,351.87930722856333,19936,scandens,13,9.2,2012-08
2012,31.491116568067948,1062.2169709542716,19940,scandens,13.1,8.7,2012-10
2012,29.967426927108747,1318.3006977419875,19941,scandens,14.7,9,2012-07
2012,32.47596610013866,587.1076943926385,19951,scandens,13.7,9.1,2012-02
2012,31.175859008409848,1451.771716051311,19955,scandens,13.5,8.7,2012-10
2012,33.247763576596675,1075.7057028098136,19956,scandens,13.3,9.4,2012-08
2012,25.32382394219716,738.4964432724773,21040,scandens,14.1,9.8,2012-05
2012,34.58697032817163,933.2692767026882,21041,scandens,12.5,8.6,2012-09
2012,28.98799802,1117.4980737565168,21045,scandens,13.7,10.6,2012-04
2012,38.37630436312632,972.8016174237234,21047,scandens,14.6,9,2012-05
2012,24.55406090955216,1111.6267977339107,21053,scandens,14.1,9.5,2012-11
2012,36.67981901582625,673.7979220761902,21057,scandens,12.9,8.1,2012-04
2012,28.98955391731324,1000.8082472108234,21070,scandens,13.9,9.3,2012-06
2012,24.74290998192776,525.8856509285059,21081,scandens,13.4,9.6,2012-11
2012,25.58057082972839,916.6321816,21092,scandens,13,8.5,2012-09
2012,26.39826346,678.8277075605631,21093,scandens,12.7,8.2,2012-01
2012,30.120829732009582,729.3410172,21106,scandens,12.1,8,2012-02
2012,30.61417744,1320.8279525631312,21109,scandens,14,9.5,2012-01
2012,25.131499980307105,1277.393036178281,21111,scandens,14.9,9.7,2012-08
2012,27.878227038695087,1132.7414362721531,21113,scandens,13.9,9.9,2012-06
2012,38.71135179305932,622.3061705982263,21131,scandens,12.9,9.1,2012-02
2012,36.637715850503554,855.0774650915594,21135,scandens,14.6,9.5,2012-12
2012,30.18161834837016,1313.929309993755,21136,scandens,14,9.8,2012-07
2012,28.19001739,992.5150740919714,21159,scandens,13,8.4,2012-03
2012,28.600156633591308,1645.798861994508,21167,scandens,12.7,8.3,2012-07
2012,31.06758986365208,1067.9953518183115,21176,scandens,14,9.6,2012-09
2012,22.88603717400797,1007.6147349470094,21248,scandens,14.1,9.4,2012-01
2012,26.713117312883277,857.2650607392496,21253,scandens,14.1,10,2012-04
2012,19.657079630612053,990.0622714346848,21255,scandens,13,8.9,2012-10
2012,29.99611561,904.2590490858368,21256,scandens,13.5,9.1,2012-06
2012,31.235979698513702,1162.4326030065772,21257,scandens,13.4,9.8,2012-07
2012,25.58406768850313,1237.0106950383752,21260,scandens,13.9,9.3,2012-06
2012,35.869933816450164,714.2031618476151,21263,scandens,13.1,9.9,2012-01
2012,21.87117168498829,550.6301139326665,21267,scandens,12.9,8.9,2012-03
2012,20.6781256,399.1383880690111,21268,scandens,14,8.5,2012-06
2012,29.12225909279986,1102.397398073763,21270,scandens,14,10.6,2012-03
2012,33.23549151306077,618.9900181478379,21271,scandens,14.1,9.3,2012-01
2012,36.41963845728935,304.1328221142552,21278,scandens,14.7,8.9,2012-11
2012,25.70557869,1066.5735813592892,21279,scandens,13.4,8.9,2012-12
2012,33.39340416715648,1697.8998552298372,21280,scandens,13.8,9.7,2012-10
2012,27.807457652496463,948.1787265,21281,scandens,13.4,9.8,2012-11
2012,27.136863500295902,1201.5472323354925,21285,scandens,13.8,10.5,2012-03
2012,32.41829968743336,974.5488075642696,21286,scandens,12.4,8.4,2012-12
2012,31.26161439,920.3331040426572,21288,scandens,14.1,10,2012-03
2012,20.118039215078756,1225.7229448963303,21289,scandens,12.9,9,2012-12
2012,35.38270174862948,862.9176367434046,21290,scandens,13.9,8.7,2012-12
2012,34.90045677073726,1030.2176942215708,21291,scandens,14.3,8.8,2012-09
2012,24.872186492452357,1046.5093418588042,21292,scandens,13.2,8.4,2012-12
2012,29.979017667187044,749.5728639070853,21295,scandens,14.2,9.3,2012-07
2012,30.47015093141369,1247.612704860957,21297,scandens,13,9.8,2012-04
2012,29.30336882911953,897.5120729913774,21340,scandens,14.6,8.9,2012-06
2012,25.24847423,723.2764521521466,21342,scandens,13.1,9.8,2012-08
2012,24.641883160309742,1110.952953071121,21347,scandens,15.2,9.1,2012-01
1975,27.483570765056164,864.9803586,2,fortis,9.4,8,1975-10
1975,24.308678494144075,1186.8549797042497,9,fortis,9.2,8.3,1975-06
1975,28.23844269050346,679.7138711852217,12,fortis,9.5,7.5,1975-05
1975,32.61514928204013,957.2861545,15,fortis,9.5,8,1975-06
1975,23.82923312638332,1036.0886895135698,305,fortis,11.5,9.9,1975-10
1975,23.82931522,1154.3316502176249,307,fortis,11.1,8.6,1975-05
1975,32.896064077536955,1213.484463426667,308,fortis,9.9,8.4,1975-03
1975,28.837173645764544,662.6073724486392,309,fortis,11.5,9.8,1975-09
1975,22.65262807032524,539.7657487793133,311,fortis,10.8,9.2,1975-10
1975,27.712800217929825,1383.3030465695526,312,fortis,11.3,9,1975-02
1975,22.682911535937688,1099.6942035938775,313,fortis,11.5,9.5,1975-03
1975,22.67135123214872,775.454039,314,fortis,11.5,8.9,1975-02
1975,26.20981135783017,1465.345592656757,315,fortis,9.7,8.8,1975-05
1975,15.43359877671101,1034.7023902878575,316,fortis,10.9,9.7,1975-06
1975,16.375410837434835,1353.789155219148,316,fortis,10.9,9.85,1975-09
1975,22.18856235379513,1020.2555444230328,320,fortis,10.1,8.9,1975-08
1975,19.93584439832788,1618.2243774645965,321,fortis,10.6,8.5,1975-08
1975,26.571236662976368,1526.6022527329617,323,fortis,9.6,8.2,1975-05
1975,20.459879622393945,925.3107555,324,fortis,10.3,9.3,1975-11
1975,17.938481493323543,1291.4712852863067,326,fortis,10.5,9.1,1975-06
1975,32.32824384460777,1193.6127848755443,328,fortis,10.5,8.8,1975-12
1975,23.871118497567323,1410.5894672597046,329,fortis,10.9,9.4,1975-08
1975,25.33764102343962,710.5229618259687,330,fortis,11.2,9.6,1975-02
1975,17.87625906893272,1205.8154379995317,340,fortis,9.4,8.5,1975-09
1975,22.278086377374088,1317.5273460548765,341,fortis,10.1,8.1,1975-04
1975,25.55461294854933,472.3781540730657,342,fortis,9.6,8,1975-09
1975,19.245032112888488,645.0224462002675,343,fortis,10.5,9.7,1975-01
1975,26.87849009172836,388.2303466719698,344,fortis,9.9,8.2,1975-03
1975,21.99680655040597,919.1779496666328,345,fortis,9.9,8.4,1975-11
1975,23.541531251033614,1215.2626767387887,346,fortis,9.6,7.9,1975-03
1975,21.991466938853016,1450.7071156288084,347,fortis,10.7,9.3,1975-11
1975,34.26139092254469,1022.2284341259326,348,fortis,11.8,10.5,1975-04
1975,24.93251387631033,1488.5846636713875,349,fortis,10.2,9.7,1975-08
1975,19.711445355220494,585.9695625355325,350,fortis,10.9,9.6,1975-09
1975,29.112724560515943,488.9852681934536,352,fortis,9.3,7.7,1975-07
1975,18.895781750144888,983.3356903310143,354,fortis,11.6,9.8,1975-04
1975,26.044317975023777,1115.2196346817925,355,fortis,11.2,9.8,1975-03
1975,15.201649380601122,990.1915756,356,fortis,10.1,8.5,1975-01
1975,18.359069755507846,379.76737,360,fortis,10.7,9.2,1975-04
1975,25.984306179345616,973.2639881461636,366,fortis,11,10.1,1975-08
1975,28.692332899977053,608.6591498485441,368,fortis,10.8,9,1975-12
1975,25.85684140594985,1200.9017646490115,369,fortis,10.2,9,1975-11
1975,24.42175859,1109.9794738290543,401,fortis,10.8,9.4,1975-10
1975,23.494481522053555,718.0360641017935,402,fortis,10.4,8.8,1975-10
1975,17.607390048162863,845.8399247989919,403,fortis,11.2,9.9,1975-08
1975,21.400778958026457,682.2359434333146,405,fortis,11.4,9.9,1975-04
1975,22.696806145201062,981.1962708180484,410,fortis,10.9,8.9,1975-11
1975,30.285611131094576,1286.5426961503715,411,fortis,10.4,9.4,1975-09
1975,26.71809144784231,704.2821860993369,413,fortis,9.7,8.2,1975-07
1975,16.18479922318633,1151.2139546553533,414,fortis,10.2,8.2,1975-02
1975,26.620419846973974,840.9227144882677,415,fortis,9.2,8.1,1975-06
1975,23.074588597918417,762.1381503212967,416,fortis,10.1,8.4,1975-06
1975,21.615389998470206,967.8908920136328,417,fortis,11,10.1,1975-11
1975,28.05838144420434,689.4273032741878,418,fortis,10.3,8.6,1975-07
1975,30.154997612479757,833.9052083958454,419,fortis,10.2,8.5,1975-05
1975,29.656400595580998,640.6366322233455,420,fortis,11,9.7,1975-12
1975,20.803912383886807,1589.4175398749169,422,fortis,11,10.3,1975-02
1975,23.453938120743928,1010.5790655915184,423,fortis,10.1,8.6,1975-06
1975,26.65631715701782,790.0823476022243,424,fortis,10.7,9.3,1975-01
1975,29.87772564,1064.1939732202666,425,fortis,10.7,8.9,1975-09
1975,22.60412881077355,966.3015850927512,426,fortis,11,9.7,1975-12
1975,24.071705116680917,933.7091201400332,427,fortis,12,10.2,1975-04
1975,19.46832512996986,1184.2500100130276,428,fortis,11.6,10.2,1975-11
1975,19.018966879596647,1227.2523130141917,450,fortis,9.9,8.5,1975-04
1975,29.062629111970992,840.8496557168418,451,fortis,10.8,8.8,1975-11
1975,31.781200142854114,827.2545278,452,fortis,10.5,8.9,1975-10
1975,24.63994939209833,917.4844908545068,453,fortis,10,8.7,1975-10
1975,30.01766448946012,309.42365057932454,454,fortis,9.6,9.3,1975-01
1975,26.80818012523817,545.4426813404343,455,fortis,11,9.7,1975-12
1975,21.77440122697438,1410.0622802333571,456,fortis,10.2,9.6,1975-09
1975,26.80697802754207,1493.4903140503852,457,fortis,9.7,7.85,1975-04
1975,32.690182832329846,925.2891881330866,458,fortis,11.1,9.6,1975-10
1975,24.820869804450243,1172.9670889167298,459,fortis,10.4,9.3,1975-04
1975,32.82321827907003,1093.3750463630608,461,fortis,11.1,9.8,1975-11
1975,11.901274479551278,1923.6642425365712,462,fortis,10.2,8.8,1975-02
1975,29.10951252187612,1335.872473430373,463,fortis,10.3,9.1,1975-09
1975,25.435235341190857,961.6247226,465,fortis,9.9,9,1975-07
1975,23.504963247670663,713.3378678198723,466,fortis,11,10.4,1975-02
1975,25.45880388267751,518.0661039227282,468,fortis,10.8,9,1975-03
1975,15.062155426995536,1061.039090760167,473,fortis,10.5,9.5,1975-01
1975,23.90164056081244,773.0947764,474,fortis,10.5,8.7,1975-06
1975,26.78556285755873,573.3238871206977,475,fortis,11.2,9.6,1975-04
1975,32.38947022370758,806.0281347,476,fortis,11.2,9.4,1975-08
1975,22.40864890863176,675.5355989156815,477,fortis,11.7,9.5,1975-04
1975,20.95753198553406,1506.1424905217696,479,fortis,10.5,8.6,1975-04
1975,22.49121478207732,1264.4919270848352,501,fortis,10.5,9.9,1975-09
1975,29.57701058851037,997.6082076050149,502,fortis,11.2,9.4,1975-01
1975,26.643755548298422,1443.983241667008,503,fortis,10,9.1,1975-11
1975,22.351198981164806,1023.2104922942856,504,fortis,10.4,8.6,1975-11
1975,27.56633716556678,741.6147396015209,505,fortis,10.8,9.3,1975-09
1975,25.48538775,1456.9372231808973,506,fortis,11.1,9.2,1975-08
1975,29.84322495266445,1161.6730131053976,507,fortis,10.3,8.8,1975-11
1975,21.48973453061324,688.8261537,509,fortis,11.1,9.2,1975-03
1975,23.36168926701116,942.8983965749176,510,fortis,9.8,8.3,1975-01
1975,23.03945923433921,737.3145239845728,511,fortis,10.5,8.8,1975-03
1975,17.682425259339407,585.1600807106992,512,fortis,11,9.4,1975-10
1975,26.48060138532288,1277.8532642594923,513,fortis,11.2,10.4,1975-01
1975,26.305276360899448,1572.8249921410393,514,fortis,9.8,8.5,1975-08
1975,25.025567283212304,580.4297278542576,515,fortis,9.8,7.9,1975-12
1975,23.827064333124262,1168.8907710071712,516,fortis,9.8,7.9,1975-11
1975,17.92314628974793,804.8072293,517,fortis,10.3,10.1,1975-07
1975,22.896773386173205,853.8623848705912,518,fortis,11.3,9.8,1975-01
1975,23.286427417366152,822.2818227283392,519,fortis,10,8.3,1975-10
1975,20.988613653891903,740.8027690960553,520,fortis,11.1,9.4,1975-08
1975,24.193571441669956,1014.556488383448,521,fortis,10,9,1975-02
1975,27.02025428407269,750.7149650766887,522,fortis,10.3,8.4,1975-02
1975,34.43092950605265,1081.1370477339517,524,fortis,10.2,8.7,1975-11
1975,25.87288906,984.9285671652588,526,fortis,10.4,9.2,1975-09
1975,26.28775195361382,928.3155859400772,527,fortis,11,9.5,1975-10
1975,24.627770421169163,727.7309013875206,528,fortis,11.5,10.1,1975-11
1975,15.406143923504793,826.9686008295002,529,fortis,11.8,9.8,1975-07
1975,24.867430622753915,1226.6173677477268,560,fortis,10.2,8.5,1975-07
1975,25.301151049705133,1150.2751562873143,561,fortis,11.7,10.2,1975-06
1975,37.316210562426434,706.7334265604347,563,fortis,10.1,8.6,1975-04
1975,24.038195176094387,1029.7996916287675,564,fortis,10.2,9.3,1975-06
1975,26.507736711668063,1225.4161370115366,565,fortis,9.8,8.7,1975-10
1975,24.826441151473784,499.17841566358845,566,fortis,10.6,8.9,1975-08
1975,19.15660981190234,1163.0080577139806,567,fortis,10,8.4,1975-11
1975,30.714114072575104,801.2128723,572,fortis,12.1,10.3,1975-06
1975,28.759665163433876,1171.179600577948,574,fortis,11.1,9.9,1975-08
1975,28.955159735215236,771.0222530372449,576,fortis,10.5,8.9,1975-08
1975,20.453062726026303,458.5353698006443,578,fortis,10,9.1,1975-08
1975,32.013971554680495,511.7372686350512,579,fortis,10.2,8.6,1975-09
1975,17.990744686038596,1014.4254839984146,601,fortis,9.7,7.8,1975-03
1975,27.934285469001352,1077.9167505164446,602,fortis,10,8.6,1975-07
1975,35.952278129049894,728.7050124686774,603,fortis,10.7,9.5,1975-02
1975,20.04731837434656,1191.577737633212,604,fortis,11,9.5,1975-05
1975,22.16851135198614,501.5439813,605,fortis,10.9,10.2,1975-06
1975,25.498256825438204,980.1760604058052,606,fortis,10.5,9.1,1975-08
1975,22.482621729419005,636.6951401,607,fortis,10.9,9.7,1975-12
1975,17.246682844669337,804.4491676593523,608,fortis,10.7,9.4,1975-08
1975,25.342814874030136,1014.2196013949242,609,fortis,11.9,10.5,1975-09
1975,19.688481431369475,741.8759904148143,610,fortis,10.2,9,1975-07
1975,27.36796215317591,884.6333367310524,611,fortis,10.5,9.8,1975-08
1975,20.402878828830985,1301.8878427643322,615,fortis,11.2,10,1975-01
1975,32.74967203,826.9324391430554,616,fortis,10.7,9.6,1975-04
1975,21.08373353831881,1250.7076336195423,617,fortis,10.3,9.6,1975-05
1975,23.38969241897162,661.0879436027146,618,fortis,11.6,9.9,1975-06
1975,29.067586086848348,1158.941253374585,619,fortis,10.5,9.3,1975-01
1975,18.845678417830225,1432.470586,620,fortis,10.9,9.6,1975-02
1975,26.13729967302065,258.5066499618132,621,fortis,9.8,7.6,1975-04
1975,31.53571377141214,760.9314233588569,622,fortis,10.9,9.2,1975-12
1975,16.96258382719386,1173.121638154162,623,fortis,10.3,8.8,1975-05
1975,25.92316929266152,939.0863841871022,624,fortis,11.7,10.1,1975-06
1975,26.29941397124212,1111.3437620113928,625,fortis,11,8.9,1975-03
1975,28.90911435888655,818.8044439852538,626,fortis,9.8,9.5,1975-08
1975,18.81524644560959,1025.976936,627,fortis,10.4,8.2,1975-04
1975,18.397716934578614,953.2968294,628,fortis,10.8,9.7,1975-03
1975,27.60970782808449,1350.3346184979423,629,fortis,11,9.8,1975-07
1975,26.48492336616593,1076.326252990364,670,fortis,10.6,9.3,1975-01
1975,26.252464251729386,1101.2807986225607,671,fortis,11.3,9.8,1975-01
1975,26.73224104748488,876.4369101632598,672,fortis,10.1,8.8,1975-03
1975,21.599876392107547,853.7181328,673,fortis,11.4,10.1,1975-01
1975,26.161268485805017,870.2325436541137,674,fortis,11.8,10.5,1975-02
1975,26.465362366493405,1118.335642713489,675,fortis,9.9,8.6,1975-05
1975,21.42824290986816,873.7046557539211,676,fortis,11,9.7,1975-10
1975,34.328872555723784,1086.932457068924,677,fortis,10.8,10,1975-07
1975,27.36916460455894,1622.6202395936316,678,fortis,11.3,9.7,1975-07
1975,19.04348251398676,1261.3374110295076,679,fortis,11.1,10.5,1975-04
1975,28.28276804316915,902.1929403496476,680,fortis,11,10.4,1975-12
1975,20.126591648863396,1360.3641766491835,681,fortis,10.4,9.2,1975-05
1975,28.93542301871226,877.5773880935346,682,fortis,9.1,8.1,1975-02
1975,30.79297789503702,388.5626394466439,683,fortis,10.8,9.4,1975-08
1975,20.89658840824145,697.5741067247789,684,fortis,10.6,8.9,1975-02
1975,29.81688064622161,438.76242369224326,685,fortis,8.7,8.2,1975-05
1975,27.06390463468249,894.5459547876073,686,fortis,10.7,9.3,1975-07
1975,29.11030079997245,1005.5255137568656,687,fortis,10.3,8.6,1975-11
1975,34.48396491326974,1502.9311936825848,688,fortis,10.5,9,1975-06
1975,23.77305941998565,1098.0782121292489,689,fortis,9.1,7.6,1975-09
1975,21.23131917821255,934.2698413573409,701,fortis,9.5,8.7,1975-12
1975,20.552427851872384,1248.8216743550468,702,fortis,10.8,9.8,1975-02
1975,20.920948575172808,336.6594072976345,703,fortis,10.6,9.4,1975-04
1975,24.61449145292948,1070.6843674325698,704,fortis,9.9,9.9,1975-05
1975,26.70575987408322,1231.259558,705,fortis,11.5,10.1,1975-06
1975,26.383453996650097,556.4241262660476,706,fortis,11.2,9.8,1975-05
1975,29.13591624518012,1343.1262129620786,707,fortis,9.7,7.9,1975-11
1975,25.065009459389536,1101.5489222483243,708,fortis,12.2,10.8,1975-09
1975,32.26767038578659,875.4136258297597,709,fortis,9.2,7.9,1975-08
1975,23.67671583381022,1189.8345598318854,710,fortis,10.5,10,1975-04
1975,38.600845832948096,1681.207857341319,711,fortis,10.5,8.4,1975-10
1975,28.12833673882503,1054.5598765175484,712,fortis,10.8,9.5,1975-12
1975,20.714212217918583,1074.4661758901009,713,fortis,10.7,8.8,1975-10
1975,19.64553750969444,862.1917301379267,714,fortis,11.8,10.4,1975-01
1975,27.412362076215928,745.0466891605624,715,fortis,9.1,8.1,1975-08
1975,23.882686073370746,1249.1007449632737,716,fortis,10.1,9.8,1975-01
1975,28.57000247046046,743.1748522273399,717,fortis,10,8.2,1975-04
1975,27.36618812286773,1021.4698711658176,719,fortis,11,9.5,1975-01
1975,24.63585543671564,856.702766,720,fortis,12.2,10.5,1975-08
1975,20.766031409657977,1143.6939477239175,721,fortis,11.4,9.7,1975-09
1975,17.425763876570677,1100.0986315860846,723,fortis,10.9,9.6,1975-02
1975,22.76742523966489,1311.2619832773698,725,fortis,10.6,9.6,1975-05
1975,29.28199397161736,846.9950803435759,726,fortis,9.3,7.9,1975-06
1975,26.07046872065102,919.0375194119886,780,fortis,10.9,10.1,1975-05
1975,18.771306106440058,706.3708852653078,781,fortis,10.6,9.3,1975-02
1975,25.86590462925591,866.7120219771665,785,fortis,11,10.3,1975-06
1975,26.926586898644185,1113.1901479134556,786,fortis,9,7.9,1975-10
1975,20.580712818994336,1227.0965849936056,787,fortis,11,9.1,1975-01
1975,25.76862552972764,723.3504027467123,788,fortis,10.4,8.9,1975-01
1975,25.29104359,1260.881776031698,789,fortis,10.4,8.3,1975-05
1975,19.285148510846884,1406.6913576414854,790,fortis,9.6,9.4,1975-12
1975,26.788936801741414,1124.0304709671102,801,fortis,10.6,9.5,1975-09
1975,27.80392263184117,1563.038744,802,fortis,10.1,8.5,1975-09
1975,30.415256215876383,767.8632403,803,fortis,9.7,8.6,1975-05
1975,30.269010260174515,626.6035890065749,804,fortis,9.6,8.5,1975-08
1975,18.111653160214544,466.3839253287164,805,fortis,10.1,8.2,1975-01
1975,20.310874800424383,1448.8132934467549,807,fortis,9.9,7.9,1975-08
1975,27.57517634,1196.3096969062174,808,fortis,11,10,1975-11
1975,27.568929754561044,983.3245987268634,809,fortis,10.9,9.4,1975-08
1975,27.57523843153024,1083.9905878959462,810,fortis,9.7,8,1975-11
1975,44.26365745327361,662.3532858,811,fortis,10,8.6,1975-09
1975,27.854452553465837,1733.725593885048,812,fortis,10.4,9,1975-02
1975,30.677828200902997,1038.7663545925682,813,fortis,11.6,9.9,1975-11
1975,29.77000881746601,1032.8184383814678,814,fortis,9.6,8,1975-01
1975,28.25695625652899,1217.7299871696075,815,fortis,10.8,9.6,1975-07
1975,23.42365377679827,1144.302769521014,817,fortis,10.9,9.2,1975-02
1975,28.794846102466337,1067.1652072837394,818,fortis,10.2,9,1975-01
1975,21.13587392731214,762.8576633664064,818,fortis,10.2,9,1975-06
1975,23.81590696629996,1141.440507140799,819,fortis,10.4,9.2,1975-04
1975,22.573182260854484,1564.6073489425105,820,fortis,11,9.5,1975-06
1975,25.409370696931614,1403.6260138464934,821,fortis,10.7,9.2,1975-07
1975,36.573292833367546,1477.955987991819,822,fortis,11.1,9.7,1975-01
1975,15.66367403704126,846.6352970706445,823,fortis,10.8,9.1,1975-02
1975,28.43130095187257,703.1185539224257,824,fortis,10.9,9.4,1975-07
1975,16.936420644051744,962.2639239701056,825,fortis,9.9,8.6,1975-05
1975,22.640340671052837,1016.7174736866084,826,fortis,11.8,9.8,1975-09
1975,30.444752984836832,1328.2574555412846,827,fortis,9.7,8,1975-08
1975,25.32140009547732,492.2606110855542,828,fortis,11.9,10.4,1975-11
1975,19.61127611035347,1458.865095838184,829,fortis,9.6,8.1,1975-09
1975,21.42348145370016,952.5976304263032,830,fortis,10.9,9.9,1975-06
1975,28.39798874467338,871.935679,831,fortis,10.2,8.6,1975-09
1975,21.34816684141432,696.3686874219497,891,fortis,9.9,8,1975-04
1975,26.082292947909878,503.5429984402692,892,fortis,11.3,9,1975-04
1975,25.22785919951907,1246.9511751885743,893,fortis,10.9,9.7,1975-10
1975,21.741998261970917,1021.9953901565212,894,fortis,9.8,8.1,1975-06
1975,35.719720446626624,613.0117300776839,895,fortis,10.3,8.8,1975-10
1975,28.169595111590056,611.4763683809151,896,fortis,8.8,7.5,1975-10
1975,14.874287066711965,899.2645902129616,897,fortis,11.6,10.2,1975-11
1975,25.93227157384714,1500.7064575868178,898,fortis,9.9,8.2,1975-11
1975,21.69106767615806,922.1225945909184,899,fortis,9.9,8.6,1975-06
1975,29.26216667398112,549.0571140645682,900,fortis,9.9,8.7,1975-04
1975,21.03739630783649,926.2770807742168,902,fortis,10.4,8.6,1975-07
1975,24.426317792665504,918.1829290756988,903,fortis,11.2,9.9,1975-05
1975,27.524936394902287,190.9340071175285,904,fortis,10.8,9.5,1975-08
1975,29.328775970850607,983.7115400446564,905,fortis,9.9,8.4,1975-09
1975,18.99851796472112,930.7196409373968,906,fortis,9.9,8.7,1975-09
1975,23.327493820795254,1208.8619094440255,907,fortis,10.2,8.2,1975-05
1975,22.62527344419522,1554.6868284836037,908,fortis,10.4,9.2,1975-03
1975,21.73335383713144,1337.9695088643273,909,fortis,9.4,8.2,1975-06
1975,33.82727120140548,919.3333928335508,910,fortis,10.2,9.2,1975-02
1975,27.024908554804774,668.0422273774989,911,fortis,11,9.3,1975-11
1975,18.69558022832477,1772.0079409749585,912,fortis,10.6,8.9,1975-05
1975,29.58930973527388,1017.7655302043464,913,fortis,10.5,9,1975-02
1975,35.610780985063165,1004.1787875738838,914,fortis,10.4,9.1,1975-01
1975,30.162326302755734,992.7624739,915,fortis,10.2,8.8,1975-08
1975,17.403150170229935,1059.4254282303564,917,fortis,10.2,8.8,1975-08
1975,22.578829635668743,956.6918764228172,919,fortis,11,9.6,1975-05
1975,31.334555745933116,827.9013979359291,921,fortis,11.1,10.2,1975-01
1975,21.46165267190609,835.9423176278824,922,fortis,9.7,8.2,1975-05
1975,27.219097140731144,990.1740189352004,923,fortis,10.5,8.9,1975-04
1975,28.873170267146683,836.9725686598705,924,fortis,10.9,9,1975-09
1975,20.365347642109583,786.1462651968507,925,fortis,10.7,8.8,1975-08
1975,24.70237322,1031.929068307569,926,fortis,11,9.9,1975-05
1975,8.793663299654636,923.5068347737434,927,fortis,10.9,9.3,1975-03
1975,19.878061793328552,1451.1978965748067,928,fortis,11.2,9.9,1975-12
1975,23.73715924,204.70905748209643,929,fortis,11.5,9.5,1975-06
1975,18.761084090175757,1327.4520555767383,930,fortis,10.8,10,1975-09
1975,33.16205651965818,1373.8255577492887,931,fortis,10.2,8.9,1975-02
1975,17.849293110196836,377.9829302775552,932,fortis,11,9.8,1975-06
1975,22.799777566515083,897.1937217758954,933,fortis,10.9,9.9,1975-01
1975,25.65370288643045,888.5677402012626,934,fortis,10.5,8.7,1975-07
1975,32.20636644533058,577.7464915846537,936,fortis,10.8,9.2,1975-12
1975,17.82068924,766.6549937227373,941,fortis,9.8,8.2,1975-05
1975,30.81581876,666.8272463602514,942,fortis,9.7,7.9,1975-01
1975,25.051165305097932,1525.6811330270868,943,fortis,10.3,9.1,1975-01
1975,20.092456744760245,1280.7035179442382,944,fortis,10.3,8.3,1975-05
1975,27.310517371316354,1381.4665284982475,944,fortis,10.3,8.3,1975-02
1975,25.99529847786735,1216.5016192129706,945,fortis,11.6,10.8,1975-01
1975,21.998915614206027,661.2844686348312,945,fortis,11.6,10.8,1975-10
1975,25.34901042495009,842.6439201160679,951,fortis,10.9,9.9,1975-06
1975,23.07343202,1146.8123683683757,952,fortis,10.6,9,1975-04
1975,25.56758672625624,633.3616573324164,954,fortis,11.5,9.3,1975-11
1975,28.310653372605238,1213.8995290517164,991,fortis,10.8,9.6,1975-02
1975,32.93008408072676,927.9023805525596,1040,fortis,10.83,9.3,1975-12
1975,18.810922505865754,887.5537577351207,1368,fortis,11.73,10.2,1975-04
1975,35.665166873281336,1213.2879904610477,1420,fortis,10.23,8.6,1975-11
1975,15.239561002387491,1133.278993445812,1433,fortis,11.83,10.98,1975-08
1975,24.24107452482208,891.7101502542761,1560,fortis,11.43,10.28,1975-10
1975,27.941586032422883,1347.7989410092744,1581,fortis,10.73,9.6,1975-12
1975,26.40495933867516,675.6810017200307,1770,fortis,10.33,9.28,1975-04
1975,21.88650240089703,1184.780682083279,1857,fortis,10.23,9.5,1975-12
1975,23.959388748213623,1177.930377390515,1860,fortis,11.53,9.4,1975-05
1975,22.53499532670584,907.1360682058028,1884,fortis,11.03,9.15,1975-05
1975,22.053176215278945,1097.8399066726354,2102,fortis,11.73,9.8,1975-05
1975,29.248010485105123,624.6659270844091,2105,fortis,10.53,9.35,1975-07
1975,26.78507742982524,1277.2081057620703,2220,fortis,9.93,8.5,1975-02
1975,21.535452023696728,944.5293590671032,2381,fortis,11.23,10.5,1975-07
1975,29.49799937716625,843.1830938442881,2482,fortis,9.83,8.5,1975-07
1975,26.536497604383047,1314.7027677510669,2939,fortis,9.63,8.31,1975-10
1975,29.06431059,788.6968928371722,2955,fortis,10.6,9.9,1975-10
1975,28.14814420961806,577.4616110909321,2974,fortis,11.88,10.36,1975-06
1975,20.85502494538964,533.0112479,3642,fortis,11.03,10.28,1975-04
1975,22.199094799015157,1181.8029854036918,8016,fortis,10.73,8.9,1975-04
1975,28.736468025616308,615.8711942511151,8020,fortis,10.13,8.7,1975-03
1975,28.051851327167324,1526.4382545953094,20139,fortis,10.15,9.15,1975-01
1975,24.89549203017926,375.4211776348834,20165,fortis,10.85,10.35,1975-05
1975,25.58663691654391,1508.9369104870116,20166,fortis,10.95,8.85,1975-04
1975,31.388324478942124,1063.3052401607856,20168,fortis,9.85,8.55,1975-12
1975,22.04214305582085,970.9860664388824,20204,fortis,10.25,8.95,1975-07
1975,27.735486905850188,836.524274,20238,fortis,11.75,10.75,1975-05
1975,23.98903673783053,1119.740834305621,20267,fortis,10.95,10.05,1975-07
1975,23.91159398,988.7095892725456,20273,fortis,10.95,10.15,1975-02
1975,30.49388425993595,1330.9905646049565,20283,fortis,10.55,8.45,1975-06
1975,29.12708174494015,1034.268294598612,20285,fortis,9.65,8.85,1975-08
1975,29.067548180003197,1045.0905284385633,20286,fortis,11.45,10.25,1975-06
1975,31.527394035771646,890.9163363358432,20293,fortis,10.25,9.75,1975-05
1975,25.10501921,982.9163128836798,20298,fortis,10.05,8.95,1975-12
1975,28.40976485647482,1092.3405306676177,302,scandens,13.9,8.4,1975-11
1975,23.44866621703272,486.9494822030123,304,scandens,14,8.8,1975-08
1975,26.62083176244221,595.5443733682861,306,scandens,12.9,8.4,1975-07
1975,24.349284728161575,1222.9792282068145,310,scandens,13.5,8,1975-08
1975,25.48497982496359,1051.2596314383825,317,scandens,12.9,7.9,1975-03
1975,27.97578512718457,944.8049990941964,318,scandens,14.6,8.9,1975-05
1975,20.90889658383264,1005.530179919618,319,scandens,13,8.6,1975-01
1975,35.46193638,1104.2745116085014,322,scandens,14.2,8.5,1975-06
1975,19.96991309250149,838.0720959071915,325,scandens,14,8.9,1975-07
1975,18.92905693606134,766.5085823793062,327,scandens,14.2,9.1,1975-03
1975,30.790554367500334,1058.7535765293044,351,scandens,13.1,8.6,1975-12
1975,28.95831346981468,706.4881667154904,353,scandens,15.1,9.8,1975-11
1975,28.12059908526077,1122.4758267143416,357,scandens,13.5,8.2,1975-09
1975,28.14172755,489.2249187286479,358,scandens,14.4,9,1975-07
1975,24.938766135765427,1308.746691197693,359,scandens,14.9,9.7,1975-11
1975,20.51372814257084,1141.7792447239128,361,scandens,12.9,8.6,1975-02
1975,25.37902279096863,1076.8089202941628,362,scandens,13,8.2,1975-10
1975,21.61419144243944,1294.807295183654,363,scandens,14.9,9,1975-02
1975,29.87559866708876,1499.642333338773,364,scandens,14,8.4,1975-10
1975,24.264713092489306,1304.3110195054392,365,scandens,13.8,8.6,1975-04
1975,20.87251401603744,447.7377306005064,367,scandens,13,8.9,1975-11
1975,23.393070791735035,616.1269099792896,404,scandens,14.75,9.1,1975-12
1975,27.06465727137812,812.5544266912964,406,scandens,13.7,8.3,1975-02
1975,22.18137723598013,1007.827315,407,scandens,13.8,8.7,1975-06
1975,20.888898022167844,1155.2977061407369,408,scandens,14,9.6,1975-12
1975,26.218436057459563,782.2768560539603,409,scandens,14.6,8.5,1975-06
1975,26.22483285554361,1056.0300293431235,412,scandens,15.2,9.1,1975-11
1975,22.46528412314435,773.3851202940032,421,scandens,13.5,9,1975-08
1975,22.644808471908387,816.5446591024155,429,scandens,15.1,9.2,1975-05
1975,26.16024968678818,578.0016709455333,460,scandens,15,9.9,1975-04
1975,17.75957829251338,723.0300261667287,464,scandens,12.8,8.6,1975-03
1975,17.962681128117225,594.4946183150998,467,scandens,14.9,9.2,1975-10
1975,21.40777889373782,707.2380241068001,469,scandens,15.3,8.4,1975-05
1975,23.932764241440765,1316.092538982352,470,scandens,13.4,8.9,1975-07
1975,26.554537827990025,715.1803333504171,471,scandens,14.2,8.5,1975-06
1975,32.37678108474776,1789.7146194512172,472,scandens,15.1,10.4,1975-07
1975,29.288298116010097,1147.9953702642667,478,scandens,15.1,9.6,1975-11
1975,24.200307350182864,1055.450837108462,508,scandens,14,9.1,1975-12
1975,24.904918960486555,742.4926659,523,scandens,13.6,9.3,1975-05
1975,19.98735317681096,1210.0929638226974,525,scandens,14,9.3,1975-10
1975,24.90743432003805,827.3086521286679,562,scandens,14,8.8,1975-10
1975,23.55670680539931,1036.6029443936084,568,scandens,13.9,8.3,1975-07
1975,26.613592801690448,1768.0253614806384,569,scandens,14,8.8,1975-12
1975,20.863845282238387,971.1820301,570,scandens,14.9,9.1,1975-03
1975,27.596732571205862,1344.7819978857028,571,scandens,15.6,10.1,1975-02
1975,32.66369456501289,789.0470724622338,573,scandens,13.8,8.9,1975-11
1975,24.456199257715717,989.5034528509116,575,scandens,14.4,9.2,1975-06
1975,27.008558610494703,1531.240190690653,577,scandens,12.8,8.5,1975-11
1975,28.450719958555563,811.9098826636698,612,scandens,14.2,10.2,1975-11
1975,22.993897640570815,1543.7345673990783,613,scandens,13.4,10.1,1975-01
1975,26.120462409052084,1212.3255806366426,614,scandens,14,9.2,1975-11
1975,25.06296200390897,831.2599672317197,718,scandens,14.8,9.7,1975-06
1975,25.48838049274416,1189.7223217166563,722,scandens,14.2,9.1,1975-07
1975,21.13495108072267,1291.766334888019,724,scandens,13.5,8.5,1975-08
1975,25.122550871294717,1186.5429886651589,727,scandens,13.4,8.2,1975-12
1975,27.489991456227248,528.9325840328631,728,scandens,14.6,9,1975-01
1975,32.25571803897521,781.8588472525394,729,scandens,13.5,9.3,1975-06
1975,29.796354130426035,925.7444093345484,782,scandens,13.7,8,1975-09
1975,35.76591228755778,977.6699713,783,scandens,13.9,9.1,1975-09
1975,21.163262185559752,1186.201629265203,784,scandens,13.1,8.1,1975-09
1975,29.361603183603396,1053.3103002799762,806,scandens,13.4,8.3,1975-02
1975,25.91671002869176,599.3966923869696,816,scandens,13.8,8.7,1975-04
1975,35.94901466608836,1114.0593553017889,890,scandens,13.6,8.8,1975-05
1975,20.958508573224243,1183.175723585147,901,scandens,14,8.6,1975-10
1975,20.80139078909612,1167.9371343793118,916,scandens,13.5,8.7,1975-04
1975,22.00303677277989,1324.2342176663865,918,scandens,12.8,8,1975-03
1975,14.380521378450965,1250.1766463646711,920,scandens,14,8.8,1975-12
1975,22.37122489,1137.754023768531,935,scandens,13.4,9,1975-01
1975,21.20433669223151,978.9502865624058,953,scandens,14.9,9.1,1975-12
1975,25.75196893238104,501.71171994520256,1014,scandens,15.54,9.74,1975-09
1975,26.70877988,1128.8854657397758,1642,scandens,14.63,9.1,1975-10
1975,34.38085419607943,1062.3063061489331,1748,scandens,14.73,9.8,1975-04
1975,29.75211919093025,1081.473651158612,1841,scandens,15.73,10.4,1975-01
1975,22.115481721687985,616.9754272539071,1842,scandens,14.83,8.3,1975-09
1975,20.50792664325821,675.6830378775213,2084,scandens,15.94,9.44,1975-10
1975,27.459595857532527,1315.9458559998711,2397,scandens,15.14,9.04,1975-09
1975,18.398833964896788,988.1334538430036,8110,scandens,14.23,9,1975-02
1975,34.157293829271765,1204.4502092117873,20122,scandens,14.15,9.05,1975-10
1975,30.89720060360644,1008.4955128391384,20151,scandens,14.35,9.65,1975-10
1975,22.65412173947648,1008.9268418487236,20188,scandens,14.95,9.45,1975-08
1975,16.434327354545612,1281.4851417927994,20210,scandens,13.95,8.65,1975-10
1975,31.769361870827066,845.1865815347878,20223,scandens,14.05,9.45,1975-11
1975,24.42730077373691,1028.836233082295,20225,scandens,14.55,9.45,1975-08
1975,31.189081559867308,861.3174133884872,20252,scandens,14.05,9.05,1975-02
1975,17.027861706028165,869.6511317703053,20255,scandens,14.45,8.75,1975-06
1975,22.00312488523113,907.2483629594082,20266,scandens,15.05,9.45,1975-01
1975,25.026218498590914,1066.6401314901138,20279,scandens,13.25,8.35,1975-05
2012,34.278780627867604,1301.818705777809,19022,fortis,10,8.5,2012-01
2012,23.52696348890248,1113.0800463783298,19028,fortis,12.5,8.9,2012-05
2012,27.065641779193204,838.8157003741683,19032,fortis,9.3,7.5,2012-02
2012,25.801344708629124,1181.5096131945031,19041,fortis,10.3,9.6,2012-10
2012,35.23488942176866,95.43721381097735,19044,fortis,11,9.2,2012-12
2012,28.982773882557872,1294.629710111631,19048,fortis,10.1,8.2,2012-01
2012,33.159222697343175,428.0858663665701,19072,fortis,9.6,7.8,2012-12
2012,20.57219813481514,841.2677175790603,19082,fortis,10.9,8.6,2012-07
2012,29.335251329346296,614.0990316121569,19104,fortis,10.3,8.4,2012-04
2012,32.44815397811718,561.5955572837283,19114,fortis,9.8,7.7,2012-01
2012,28.41141994637712,1298.248036213556,19121,fortis,10.1,8,2012-07
2012,33.32740187532676,809.6896396064326,19126,fortis,10.4,8.7,2012-10
2012,25.41355774949814,1053.951164519215,19146,fortis,9.6,8.1,2012-09
2012,35.0467372,935.9238263362448,19164,fortis,10.6,8.8,2012-01
2012,39.49449061809625,1093.1122481669363,19174,fortis,10.6,9.4,2012-01
2012,26.185807197801704,973.0465673180768,19203,fortis,11.9,10,2012-05
2012,25.77248739299614,565.1023327434291,19210,fortis,11.3,9.6,2012-04
2012,35.26692239,1248.880045834142,19217,fortis,11.3,9.6,2012-03
2012,35.89786072865356,801.8730250516062,19224,fortis,9.7,8.1,2012-04
2012,25.385699864233658,483.0254304020747,19226,fortis,9.7,7.5,2012-10
2012,25.899065914520712,821.5654517102263,19252,fortis,10.1,8.4,2012-12
2012,26.591076955697464,1400.2279371902932,19263,fortis,10,7.9,2012-05
2012,21.277747444828613,1205.066522634048,19274,fortis,10,8.3,2012-11
2012,23.40674026757901,845.4043596776422,19280,fortis,10,8.9,2012-04
2012,22.97929616623966,845.2226887044714,19288,fortis,11.5,9.1,2012-06
2012,24.16101217447936,853.5094846347852,19328,fortis,9.5,7.7,2012-03
2012,27.826575563066093,1573.0243950682525,19349,fortis,11.2,8.3,2012-08
2012,29.17107366,1064.580635669466,19362,fortis,10.7,8.6,2012-12
2012,35.75250246407038,1079.0124941573208,19372,fortis,10,8.4,2012-08
2012,23.008229796306047,1259.0850362095523,19382,fortis,9.8,7.7,2012-05
2012,32.92161199238292,1021.636747707954,19384,fortis,10.9,9.1,2012-08
2012,26.93005577887245,872.2873562537891,19392,fortis,9.2,7.7,2012-02
2012,27.75268145173784,891.0950452745066,19394,fortis,10.2,9,2012-11
2012,31.37409746083302,928.5196221757808,19422,fortis,11.3,10.2,2012-07
2012,22.386389892188507,938.8333290470476,19439,fortis,10.3,8.1,2012-06
2012,29.91204873092025,1168.2888630910938,19461,fortis,10.7,8.6,2012-08
2012,28.83226104106528,965.5837657421898,19482,fortis,10,8.4,2012-08
2012,30.462256320040744,1169.7920231646738,19502,fortis,9.7,8.1,2012-01
2012,29.44584321953909,925.7850259674252,19511,fortis,9.9,8,2012-09
2012,40.27650069955448,973.5905570948272,19536,fortis,10.7,8.3,2012-03
2012,24.81130007874342,350.53979464036775,19563,fortis,11,10.3,2012-09
2012,25.345015224990917,1224.8983024107445,19568,fortis,9.7,8,2012-10
2012,24.88429736787618,1053.946542769398,19602,fortis,10.5,8.8,2012-10
2012,25.22261440419873,1249.4030329578957,19604,fortis,11.7,9,2012-07
2012,24.81306436346741,81.12338654189318,19614,fortis,10.8,9.3,2012-07
2012,33.94508265553776,1576.5124114342184,19623,fortis,9.1,7.6,2012-02
2012,35.10252123994928,908.1231116,19627,fortis,10.9,8.2,2012-10
2012,25.14626853125262,1282.4548450212549,19642,fortis,12.2,10,2012-04
2012,23.83822213447885,638.0282218623407,19649,fortis,10.9,8.2,2012-06
2012,30.35707778193202,1133.8321715187708,19654,fortis,10.7,8.2,2012-04
2012,25.238884778595143,633.9753310479032,19674,fortis,10.4,8.3,2012-02
2012,31.164659088777555,762.8693117912585,19682,fortis,9.7,7.8,2012-08
2012,29.0146151,1524.209406160036,19712,fortis,10.3,8,2012-01
2012,20.42127942501384,892.7952798,19734,fortis,9.8,8.4,2012-09
2012,35.737526006650306,1015.2298619539168,19746,fortis,10.6,9.3,2012-04
2012,36.97938836547761,1211.0203192066265,19749,fortis,10.5,8.9,2012-01
2012,24.93605654757807,1098.704566391781,19774,fortis,12.5,9.7,2012-07
2012,26.06149220032008,995.1256715430728,19782,fortis,9.2,7.6,2012-01
2012,29.429326953624525,1059.4883007398676,19815,fortis,10.1,9,2012-04
2012,29.672283949935125,1671.0246755714825,19820,fortis,10.6,8.6,2012-09
2012,31.29272136336415,932.7143608899244,19821,fortis,11.5,8.9,2012-01
2012,38.05102269383175,1010.3297140144904,19829,fortis,10.8,8.6,2012-11
2012,27.11526386252975,1265.1963188022837,19832,fortis,10.5,8.8,2012-01
2012,24.00851377730773,1281.6577798873952,19835,fortis,10.1,8.5,2012-03
2012,21.103403859927365,1306.1090916681142,19840,fortis,10.7,9.2,2012-09
2012,24.345349800290403,1141.6190666087557,19849,fortis,9.6,8,2012-04
2012,27.83436513563101,607.0985262,19874,fortis,10.7,9.4,2012-02
2012,36.97278931758894,1440.0294596903288,19878,fortis,10.1,7.7,2012-05
2012,25.411943504819146,606.0963820943937,19889,fortis,10,8.4,2012-04
2012,29.118939758194493,1040.79064,19914,fortis,10,8.5,2012-11
2012,27.91788551963624,723.7172449941926,19921,fortis,10.4,9,2012-04
2012,33.94196636724042,930.7584960221022,19922,fortis,10.4,9,2012-10
2012,40.63466212936811,1048.628723091044,19928,fortis,11.7,9.3,2012-11
2012,25.34565614,1046.407164635082,19932,fortis,10.6,8.7,2012-06
2012,25.55280278740889,1076.5762262705855,19942,fortis,11.5,8.1,2012-11
2012,33.22080438534536,1434.113380717594,19946,fortis,10.7,8.7,2012-05
2012,31.40945744813156,1086.060290454194,19947,fortis,10.4,7.9,2012-12
2012,37.23353662868017,876.7530094128053,19952,fortis,10.1,7.7,2012-02
2012,30.919640926629818,1239.226150486507,19974,fortis,10.8,8.4,2012-09
2012,26.203539546064704,1306.841146677392,19993,fortis,11.5,9.25,2012-06
2012,30.953274153461543,581.7176554589023,19994,fortis,11.1,8.1,2012-05
2012,33.54351790291454,1129.2200209549574,21049,fortis,9.9,8.3,2012-08
2012,32.10241090598682,1160.3518226932697,21052,fortis,10.5,8.5,2012-09
2012,30.53637015553649,860.7309489920024,21080,fortis,12.2,9.9,2012-01
2012,33.33337344794577,1362.7120439934858,21082,fortis,10.9,8.4,2012-03
2012,33.84647795222836,904.9833239,21087,fortis,12.9,9.9,2012-09
2012,34.91079495518763,987.6729360414628,21088,fortis,9.7,7.2,2012-08
2012,31.24354943794821,898.0784527148392,21089,fortis,9.7,8.2,2012-12
2012,27.164409598415727,954.6737142744404,21090,fortis,10,8.2,2012-10
2012,28.733568432166614,621.1174739314395,21129,fortis,10.1,8.3,2012-12
2012,34.03254483254179,517.9847352217116,21160,fortis,10.2,8.4,2012-09
2012,23.91532164506382,1428.3515189674918,21161,fortis,9.6,7.5,2012-04
2012,29.843366544364507,695.9115955045016,21162,fortis,9.9,8.2,2012-02
2012,26.03330594,652.5822951631078,21165,fortis,10.6,8.6,2012-10
2012,28.14372411467409,303.9829659188856,21169,fortis,9.8,8.2,2012-08
2012,34.39225931303649,758.3114756931493,21191,fortis,11.1,8.8,2012-01
2012,28.95549534009952,553.0730619777505,21244,fortis,10,8.5,2012-05
2012,28.232182740780743,1442.604548040911,21247,fortis,10.9,8.1,2012-12
2012,21.20071929510041,1252.945127,21249,fortis,10,8.3,2012-07
2012,31.731267830136105,743.5548964466828,21258,fortis,10.6,8.5,2012-06
2012,31.227420905705376,1625.7307416032927,21259,fortis,10.7,8.1,2012-06
2012,38.81627362,1244.5296460974782,21261,fortis,9.4,7.3,2012-03
2012,26.461108825234994,852.5505849474133,21262,fortis,10.1,8,2012-05
2012,29.09575163831969,200.1782855379281,21265,fortis,11.8,10.2,2012-05
2012,29.246918418553776,1637.2827717772225,21266,fortis,12.2,11.1,2012-01
2012,35.887266398817374,533.1282599709211,21272,fortis,12.9,9.9,2012-10
2012,27.52352233806524,456.3803759129325,21273,fortis,10.1,8.7,2012-06
2012,29.395107628851697,1256.771129602892,21276,fortis,10.1,8.3,2012-10
2012,31.039482548582697,1681.9257219017818,21277,fortis,9,7.8,2012-11
2012,28.93304561578179,1365.2818455531556,21282,fortis,11.7,9.9,2012-03
2012,25.76783192724736,1119.172736015708,21283,fortis,10.9,10.3,2012-08
2012,28.97044996449154,1128.4263024995855,21287,fortis,10.4,8.4,2012-06
2012,33.36815874929886,1206.0246676340923,21293,fortis,12.7,8.7,2012-11
2012,22.8674235,1177.6785769360297,21294,fortis,10.5,9.8,2012-03
2012,28.66484837073438,1034.3574271908128,21296,fortis,9.6,8.7,2012-09
2012,24.499395925304132,981.2603311855628,21298,fortis,10.6,9,2012-08
2012,33.97523314462421,931.2220616301432,21299,fortis,10.4,7.8,2012-04
2012,20.38406547608113,723.8106233399972,21341,fortis,10.5,8.5,2012-02
2012,25.205390763642058,865.7974769399677,21343,fortis,10.1,8.2,2012-08
2012,29.886059375322603,442.1129557413844,21349,fortis,10.6,9.2,2012-09
2012,35.827620146171704,920.498112,22000,fortis,10.6,9,2012-04
2012,27.67124869463506,653.4226678547248,19026,scandens,14.3,9.4,2012-08
2012,25.22400236653401,618.9232048352687,19028,scandens,12.5,8.9,2012-05
2012,37.40578534720295,1003.9682453460435,19029,scandens,13.7,9.5,2012-09
2012,20.75993049791878,1367.6006859033798,19094,scandens,13.8,11,2012-03
2012,17.00597021689959,1225.494981800694,19122,scandens,12,8.7,2012-11
2012,30.20007225026666,478.8498189130469,19125,scandens,13,8.4,2012-04
2012,25.489728878236946,653.1115590288987,19129,scandens,13,9.1,2012-05
2012,22.893835914346436,1232.231356396465,19172,scandens,13.6,8.7,2012-01
2012,31.541782236496765,655.2537819385071,19182,scandens,12.8,10.2,2012-02
2012,29.21900357,882.6100550008927,19212,scandens,13.6,9.6,2012-07
2012,25.17960684631636,1115.0156297073656,19214,scandens,12.95,8.85,2012-04
2012,21.59847800664553,659.4966635409094,19244,scandens,13.1,8.8,2012-10
2012,32.36228664140072,981.6126518,19251,scandens,13.4,9.5,2012-01
2012,31.251005889793305,549.7923515245386,19260,scandens,13.9,9.2,2012-05
2012,27.504120681103085,769.5897068146359,19270,scandens,12.3,9,2012-05
2012,37.23318498023833,1045.934580242761,19278,scandens,14,9.8,2012-01
2012,22.64957616836924,472.1018799404992,19289,scandens,12.5,9.3,2012-02
2012,20.372374145376305,1082.1424213881196,19299,scandens,12.3,9,2012-05
2012,24.540459650593775,944.1086603219956,19312,scandens,13.9,10.2,2012-06
2012,27.77206991822251,1115.7469863251442,19326,scandens,13.1,7.7,2012-05
2012,29.21669724661346,1017.1742402193984,19343,scandens,12.5,9,2012-07
2012,26.79381971071835,1359.2421289921533,19374,scandens,13.9,9.5,2012-08
2012,29.760276982571483,987.5673508,19401,scandens,13.7,9.4,2012-01
2012,21.74230287904778,821.1783376624242,19406,scandens,12,8,2012-06
2012,35.21882302,986.6892509096853,19408,scandens,14.4,8.9,2012-12
2012,27.58924410803716,1112.9894087109165,19426,scandens,13.5,9.4,2012-07
2012,33.58647915794064,964.6580210977112,19430,scandens,13.8,9.5,2012-09
2012,29.71362673188852,962.1775073611648,19433,scandens,13,8,2012-04
2012,30.28376609576892,739.4024936579734,19438,scandens,14.9,10,2012-10
2012,30.84883640116102,751.1297247347155,19452,scandens,12.5,8.95,2012-10
2012,30.238542800086574,529.2184184600919,19466,scandens,12.3,8.2,2012-07
2012,31.21361379933772,1474.873022956082,19469,scandens,12.8,8.8,2012-12
2012,34.64576265066216,576.8410293826145,19486,scandens,13.4,9.2,2012-02
2012,28.98260584850735,742.1284406612278,19492,scandens,13.8,9.4,2012-01
2012,31.54501878794256,734.4778203292408,19493,scandens,13.5,9.5,2012-10
2012,27.551321528563868,1218.4773130833323,19494,scandens,13.5,8.1,2012-10
2012,35.200586077247365,861.5150965123917,19495,scandens,13.4,9.5,2012-02
2012,24.61803848970365,1324.322622,19496,scandens,12.3,8.4,2012-04
2012,37.00470216455408,747.9528127268395,19497,scandens,14.35,9.3,2012-01
2012,27.799210246778284,1033.698248667141,19510,scandens,13.2,9.3,2012-04
2012,20.84612448940976,699.3958840220728,19513,scandens,13.8,9.6,2012-10
2012,28.640522074553942,1593.5447383320163,19518,scandens,14.6,9.2,2012-07
2012,24.594741712625595,593.7204742911462,19526,scandens,14.3,10,2012-05
2012,32.20321774494362,1042.946213068108,19527,scandens,13.8,8.9,2012-05
2012,24.736880103488044,1140.1330642796297,19528,scandens,13.6,10.5,2012-01
2012,25.769082833926102,1074.1397292354495,19543,scandens,12.9,8.9,2012-04
2012,18.552296345272342,894.4137023366875,19553,scandens,13,8.6,2012-08
2012,25.738468403754617,911.0537901,19554,scandens,13.5,8.8,2012-12
2012,15.880603366855215,963.1434415937327,19573,scandens,13.2,9.15,2012-11
2012,20.080485882571384,905.8993995114536,19592,scandens,13.7,9.5,2012-01
2012,31.802073280721487,1239.1637350384729,19594,scandens,13.1,9.1,2012-11
2012,31.92900079325416,1613.1569004774055,19597,scandens,13.2,10.2,2012-10
2012,30.127287808924823,782.7524645,19598,scandens,12.6,8.4,2012-10
2012,23.16511928435393,539.0591061262767,19599,scandens,13,10,2012-06
2012,27.76144322,923.5153854946236,19619,scandens,13.9,10.2,2012-05
2012,27.98198730454716,1723.9128012962956,19622,scandens,13.2,9.3,2012-04
2012,22.208176554037287,708.8976296090807,19652,scandens,15,10.8,2012-01
2012,35.51699150883575,1441.735042,19653,scandens,13.37,8.3,2012-03
2012,32.386811452878355,1453.3102442229322,19664,scandens,11.4,7.8,2012-03
2012,26.89517913085168,783.9235274876016,19692,scandens,13.8,9.8,2012-06
2012,28.13442919497265,1120.6949237555823,19720,scandens,13,7.9,2012-09
2012,29.04191403973776,1438.5189869385613,19740,scandens,13,8.9,2012-06
2012,17.791325657878545,836.2616777037539,19747,scandens,13.1,7.7,2012-01
2012,26.76411308739701,888.9258919692915,19766,scandens,12.8,8.9,2012-12
2012,24.590078760011007,775.4957258154069,19783,scandens,13.3,9.4,2012-12
2012,22.991899950525426,645.5729808,19844,scandens,13.5,9.4,2012-10
2012,26.594498535570224,755.2167364801978,19848,scandens,12.4,8.5,2012-12
2012,36.988432634247616,582.81792,19852,scandens,13.1,8.5,2012-07
2012,31.20421430633505,960.2250404777678,19854,scandens,14,9.6,2012-12
2012,25.14410505108601,719.0080306824075,19855,scandens,13.5,10.2,2012-01
2012,30.862913906780797,1020.1357735372244,19868,scandens,11.8,8.8,2012-05
2012,34.99677718293001,483.2313061389118,19882,scandens,13.7,9.5,2012-03
2012,32.62316841456384,1049.264069664337,19900,scandens,13.2,9.3,2012-03
2012,28.29815184960087,1200.058688482677,19910,scandens,12.2,9,2012-02
2012,24.76531611147213,351.87930722856333,19936,scandens,13,9.2,2012-08
2012,31.491116568067948,1062.2169709542716,19940,scandens,13.1,8.7,2012-10
2012,29.967426927108747,1318.3006977419875,19941,scandens,14.7,9,2012-07
2012,32.47596610013866,587.1076943926385,19951,scandens,13.7,9.1,2012-02
2012,31.175859008409848,1451.771716051311,19955,scandens,13.5,8.7,2012-10
2012,33.247763576596675,1075.7057028098136,19956,scandens,13.3,9.4,2012-08
2012,25.32382394219716,738.4964432724773,21040,scandens,14.1,9.8,2012-05
2012,34.58697032817163,933.2692767026882,21041,scandens,12.5,8.6,2012-09
2012,28.98799802,1117.4980737565168,21045,scandens,13.7,10.6,2012-04
2012,38.37630436312632,972.8016174237234,21047,scandens,14.6,9,2012-05
2012,24.55406090955216,1111.6267977339107,21053,scandens,14.1,9.5,2012-11
2012,36.67981901582625,673.7979220761902,21057,scandens,12.9,8.1,2012-04
2012,28.98955391731324,1000.8082472108234,21070,scandens,13.9,9.3,2012-06
2012,24.74290998192776,525.8856509285059,21081,scandens,13.4,9.6,2012-11
2012,25.58057082972839,916.6321816,21092,scandens,13,8.5,2012-09
2012,26.39826346,678.8277075605631,21093,scandens,12.7,8.2,2012-01
2012,30.120829732009582,729.3410172,21106,scandens,12.1,8,2012-02
2012,30.61417744,1320.8279525631312,21109,scandens,14,9.5,2012-01
2012,25.131499980307105,1277.393036178281,21111,scandens,14.9,9.7,2012-08
2012,27.878227038695087,1132.7414362721531,21113,scandens,13.9,9.9,2012-06
2012,38.71135179305932,622.3061705982263,21131,scandens,12.9,9.1,2012-02
2012,36.637715850503554,855.0774650915594,21135,scandens,14.6,9.5,2012-12
2012,30.18161834837016,1313.929309993755,21136,scandens,14,9.8,2012-07
2012,28.19001739,992.5150740919714,21159,scandens,13,8.4,2012-03
2012,28.600156633591308,1645.798861994508,21167,scandens,12.7,8.3,2012-07
2012,31.06758986365208,1067.9953518183115,21176,scandens,14,9.6,2012-09
2012,22.88603717400797,1007.6147349470094,21248,scandens,14.1,9.4,2012-01
2012,26.713117312883277,857.2650607392496,21253,scandens,14.1,10,2012-04
2012,19.657079630612053,990.0622714346848,21255,scandens,13,8.9,2012-10
2012,29.99611561,904.2590490858368,21256,scandens,13.5,9.1,2012-06
2012,31.235979698513702,1162.4326030065772,21257,scandens,13.4,9.8,2012-07
2012,25.58406768850313,1237.0106950383752,21260,scandens,13.9,9.3,2012-06
2012,35.869933816450164,714.2031618476151,21263,scandens,13.1,9.9,2012-01
2012,21.87117168498829,550.6301139326665,21267,scandens,12.9,8.9,2012-03
2012,20.6781256,399.1383880690111,21268,scandens,14,8.5,2012-06
2012,29.12225909279986,1102.397398073763,21270,scandens,14,10.6,2012-03
2012,33.23549151306077,618.9900181478379,21271,scandens,14.1,9.3,2012-01
2012,36.41963845728935,304.1328221142552,21278,scandens,14.7,8.9,2012-11
2012,25.70557869,1066.5735813592892,21279,scandens,13.4,8.9,2012-12
2012,33.39340416715648,1697.8998552298372,21280,scandens,13.8,9.7,2012-10
2012,27.807457652496463,948.1787265,21281,scandens,13.4,9.8,2012-11
2012,27.136863500295902,1201.5472323354925,21285,scandens,13.8,10.5,2012-03
2012,32.41829968743336,974.5488075642696,21286,scandens,12.4,8.4,2012-12
2012,31.26161439,920.3331040426572,21288,scandens,14.1,10,2012-03
2012,20.118039215078756,1225.7229448963303,21289,scandens,12.9,9,2012-12
2012,35.38270174862948,862.9176367434046,21290,scandens,13.9,8.7,2012-12
2012,34.90045677073726,1030.2176942215708,21291,scandens,14.3,8.8,2012-09
2012,24.872186492452357,1046.5093418588042,21292,scandens,13.2,8.4,2012-12
2012,29.979017667187044,749.5728639070853,21295,scandens,14.2,9.3,2012-07
2012,30.47015093141369,1247.612704860957,21297,scandens,13,9.8,2012-04
2012,29.30336882911953,897.5120729913774,21340,scandens,14.6,8.9,2012-06
2012,25.24847423,723.2764521521466,21342,scandens,13.1,9.8,2012-08
2012,24.641883160309742,1110.952953071121,21347,scandens,15.2,9.1,2012-01
